StudySet,Case,SourceEndMat,FinalTime_days,Elements,IntegrationPoints,EqvP95_pct,EqvP99_pct,EqvP999_pct,EqvMax_pct,EqvMaxX_mm,EqvMaxY_mm,EqvMaxElement,EqvMaxIp,EqvMaxNearestCorner,DetFAtEqvMax,EqvMaxPositiveJ_pct,EqvMaxPositiveJX_mm,EqvMaxPositiveJY_mm,CornerPointCount,CornerEqvP99_pct,CornerEqvMax_pct,MaxAbsPrincipalP99_pct,MaxAbsPrincipalMax_pct,GreenEqvP99_pct,GreenEqvMax_pct,GreenVsSmallP99_pct,GreenVsSmallAtEqvMax_pct,DetFMin,DetFP01,DetFP99,DetFMax,NonpositiveDetFCount,NonpositiveDetF_pct,RotationNormP99,FracEqvGt10_pct,FracEqvGt20_pct,FracEqvGt30_pct
MainCampaign,Grid_G18x26,Results_Parametric_ScientificallyCorrected_20260823/Grid_G18x26/end.mat,20.0631204953898,468,4212,14.7243834715794,25.7400225504915,71.0416607874967,101.983311807473,0.0219142127126336,0.0216733971883189,1,1,lower-left,2.40566926739087,101.983311807473,0.0219142127126336,0.0216733971883189,9,101.983311807473,101.983311807473,24.555394392655,91.3430733377775,27.8832582966854,207.089347411549,33.6071419737053,89.6809825822281,0.474866399614368,0.953668950933735,1.08402898087337,2.40566926739087,0,0,0.306639367841607,16.1680911680912,1.80436847103514,0.664767331433998
MainCampaign,Grid_G28x40,Results_Parametric_ScientificallyCorrected_20260823/Grid_G28x40/end.mat,20.0631204953898,1120,10080,13.442856983238,21.0958582048134,63.0092210311272,148.745784018533,0.0140877081724073,0.0140877081724073,1,1,lower-left,3.58389830157246,148.745784018533,0.0140877081724073,0.0140877081724073,25,148.745784018533,148.745784018533,20.2870733284036,132.152178159945,21.9768701810409,393.291810563641,28.3965813647464,94.1813936076887,0.350723547824644,0.965340341283642,1.07240429783376,3.58389830157246,0,0,0.259408136137532,11.2698412698413,1.15079365079365,0.505952380952381
MainCampaign,Grid_G40x56,Results_Parametric_ScientificallyCorrected_20260823/Grid_G40x56/end.mat,20.0631204953898,2240,20160,12.364629477593,18.0564890465174,56.5367471503599,200.753456735101,0.0098613957206851,0.0100626486945766,1,1,lower-left,5.29336225593514,200.753456735101,0.0098613957206851,0.0100626486945766,49,200.753456735101,200.753456735101,17.526478110221,177.517804148133,18.6437862185687,673.666767880979,23.6644670197784,96.4433182699438,0.252255185758248,0.968622010539428,1.06828579655725,5.3285051341294,0,0,0.221696234711247,8.43253968253968,0.803571428571428,0.357142857142857
MainCampaign,LengthScale_lh2.0,Results_Parametric_ScientificallyCorrected_20260823/LengthScale_lh2.0/end.mat,20.0631204953898,1120,10080,13.4479907354858,21.0674510228449,63.0195905494928,149.719806532614,0.0140877081724073,0.0140877081724073,1,1,lower-left,3.58651007313762,149.719806532614,0.0140877081724073,0.0140877081724073,25,149.719806532614,149.719806532614,20.291548027253,132.988034333097,21.9211738620007,396.68445668547,28.4012610744939,94.2081944968558,0.350723854367219,0.965348072395789,1.07268702694661,3.58651007313762,0,0,0.258975561474209,11.2698412698413,1.14087301587302,0.505952380952381
MainCampaign,LengthScale_lh3.0,Results_Parametric_ScientificallyCorrected_20260823/LengthScale_lh3.0/end.mat,20.0631204953898,1120,10080,13.4372422530869,21.106332703696,62.9912979017708,148.109837281429,0.0140877081724073,0.0140877081724073,1,1,lower-left,3.5804893943973,148.109837281429,0.0140877081724073,0.0140877081724073,25,148.109837281429,148.109837281429,20.2669357594545,131.606033754801,22.0094624073,391.009291413791,28.3897435108285,94.1614619582546,0.350722317924236,0.965338677692603,1.07185974116806,3.5804893943973,0,0,0.259731302750454,11.3095238095238,1.15079365079365,0.505952380952381
MainCampaign,LengthScale_lh4.0,Results_Parametric_ScientificallyCorrected_20260823/LengthScale_lh4.0/end.mat,20.0631204953898,1120,10080,13.4347724095768,21.102582063267,63.0021664485467,147.709777615159,0.0140877081724073,0.0140877081724073,1,1,lower-left,3.57892602809078,147.709777615159,0.0140877081724073,0.0140877081724073,25,147.709777615159,147.709777615159,20.2384770155439,131.264614691466,22.0367651584068,389.602964102633,28.3809142475974,94.1491708171945,0.350733943413367,0.965346511265752,1.07100008410414,3.57892602809078,0,0,0.259723648361705,11.3095238095238,1.15079365079365,0.505952380952381
MainCampaign,LengthScale_lh5.0,Results_Parametric_ScientificallyCorrected_20260823/LengthScale_lh5.0/end.mat,20.0631204953898,1120,10080,13.4342012740184,21.1053256765838,63.0382549797646,147.667950849096,0.0140877081724073,0.0140877081724073,1,1,lower-left,3.58015772300303,147.667950849096,0.0140877081724073,0.0140877081724073,25,147.667950849096,147.667950849096,20.2229576508288,131.231908099913,22.0685628860706,389.518315916737,28.3746698773487,94.1491371708971,0.350753408848812,0.965379738159951,1.07034275497749,3.58015772300303,0,0,0.259718267072618,11.3095238095238,1.15079365079365,0.505952380952381
MainCampaign,Orthogonal_O01_P21_T080_f020,Results_Parametric_ScientificallyCorrected_20260823/Orthogonal_O01_P21_T080_f020/end.mat,20.0631204953898,816,7344,14.1052717637067,23.3281499791717,62.9989653867152,130.036697711198,0.0164356595344752,0.0165737743204792,1,1,lower-left,3.09833686232761,130.036697711198,0.0164356595344752,0.0165737743204792,16,130.036697711198,130.036697711198,21.6955099245439,115.859749093747,23.6177811568759,312.522562657324,31.3637224253322,92.8648929339384,0.396928717371433,0.961610731734453,1.07319558357493,3.09833686232761,0,0,0.280276329392535,12.962962962963,1.36165577342048,0.558278867102397
MainCampaign,Orthogonal_O02_P21_T100_f050,Results_Parametric_ScientificallyCorrected_20260823/Orthogonal_O02_P21_T100_f050/end.mat,20.0631204953898,816,7344,14.0697110864266,23.164464298101,62.2596443709446,129.456572888732,0.0164356595344752,0.0165737743204792,1,1,lower-left,3.06588556268642,129.456572888732,0.0164356595344752,0.0165737743204792,16,129.456572888732,129.456572888732,21.7883731642459,115.287675887444,23.6847886440472,309.383729440722,30.1579251867356,92.7991579948225,0.396675825604303,0.961867465569526,1.07582340513528,3.06588556268642,0,0,0.279084136077334,12.8267973856209,1.34803921568627,0.544662309368192
MainCampaign,Orthogonal_O03_P21_T120_f100,Results_Parametric_ScientificallyCorrected_20260823/Orthogonal_O03_P21_T120_f100/end.mat,20.0631204953898,816,7344,13.5250460824258,21.1096981141683,58.627697668811,99.6592092071442,0.0164356595344752,0.0165737743204792,1,1,lower-left,2.56180384002029,99.6592092071442,0.0164356595344752,0.0165737743204792,16,99.6592092071442,99.6592092071442,20.4813757831849,88.5852725456628,22.1265712057527,207.791148779211,26.0712798907124,90.7163153302128,0.44914624607626,1.02896509344214,1.07018390632765,2.56180384002029,0,0,0.247401667121206,10.3894335511983,1.130174291939,0.476579520697168
MainCampaign,Orthogonal_O04_P28_T080_f050,Results_Parametric_ScientificallyCorrected_20260823/Orthogonal_O04_P28_T080_f050/end.mat,20.0631204953898,816,7344,17.3283545373843,26.649719933427,69.5313977906104,129.501640109492,0.0164356595344752,0.0165737743204792,1,1,lower-left,3.35362965913275,129.501640109492,0.0164356595344752,0.0165737743204792,16,129.501640109492,129.501640109492,25.0161185227739,114.623713438693,27.5389556004537,321.96286574566,34.5947632606081,93.6575527178454,0.0913953466747718,0.945110796633909,1.06760098829223,3.35362965913275,0,0,0.32274879797527,17.2930283224401,2.75054466230937,0.776143790849673
MainCampaign,Orthogonal_O05_P28_T100_f100,Results_Parametric_ScientificallyCorrected_20260823/Orthogonal_O05_P28_T100_f100/end.mat,20.0631204953898,816,7344,20.0662897472288,28.5363031239104,77.7995970446503,123.06353075478,3.48356434046552,4.98342622567952,816,9,upper-right,-0.148312501935913,108.742472232872,0.0164356595344752,0.0165737743204792,16,108.742472232872,108.742472232872,26.0752308730876,107.208411079561,29.9229805059485,251.176595926453,35.8991170595925,47.3958945072122,-0.148312501935913,0.991631605095359,1.07091094176719,3.06463165965134,2,0.0272331154684096,0.343261152917181,16.3126361655773,5.06535947712418,0.871459694989107
MainCampaign,Orthogonal_O06_P28_T120_f020,Results_Parametric_ScientificallyCorrected_20260823/Orthogonal_O06_P28_T120_f020/end.mat,20.0631204953898,816,7344,17.5294835384047,26.6355043519898,70.1235982171349,107.909051900779,3.48356434046552,4.98342622567952,816,9,upper-right,0.128094971676578,107.909051900779,3.48356434046552,4.98342622567952,16,106.064925533855,106.064925533855,24.4152391379911,93.5529561732673,27.7452390808673,240.033663430355,33.2579954418625,42.3170771825731,0.128094971676578,1.00572537167357,1.06989186064737,2.9626029133045,0,0,0.316262440728481,14.7875816993464,3.25435729847495,0.708061002178649
MainCampaign,Orthogonal_O07_P35_T080_f100,Results_Parametric_ScientificallyCorrected_20260823/Orthogonal_O07_P35_T080_f100/end.mat,20.0631204953898,816,7344,28.845026942274,39.1364853096891,95.0828464147158,166.464562170796,3.48356434046552,4.98342622567952,816,9,upper-right,-1.13340059748318,121.552179240297,0.0164356595344752,0.0165737743204792,16,121.552179240297,121.552179240297,34.2294941473236,146.968432058457,41.3353019267415,320.612090424478,49.869232122318,60.2105335347259,-1.13340059748318,0.938514807217659,1.07636624088006,3.88905923871239,2,0.0272331154684096,0.468115532990319,22.5762527233115,10.1851851851852,3.81263616557734
MainCampaign,Orthogonal_O08_P35_T100_f020,Results_Parametric_ScientificallyCorrected_20260823/Orthogonal_O08_P35_T100_f020/end.mat,20.0631204953898,816,7344,22.8531194952872,31.8963984099202,84.2925926234045,135.095272657782,3.48356434046552,4.98342622567952,816,9,upper-right,-0.392116997610382,112.537420363695,0.0164356595344752,0.0165737743204792,16,112.537420363695,112.537420363695,28.8777903446552,118.176135930323,33.6239737952936,272.91735091397,40.0276938817635,51.1947135962766,-0.392116997610382,0.97537418125702,1.0707011843207,3.34843696695111,2,0.0272331154684096,0.382791495811764,18.6683006535948,6.64488017429194,1.22549019607843
MainCampaign,Orthogonal_O09_P35_T120_f050,Results_Parametric_ScientificallyCorrected_20260823/Orthogonal_O09_P35_T120_f050/end.mat,20.0631204953898,816,7344,26.45974020674,37.8622724156199,93.277215122533,150.599172907316,3.48356434046552,4.98342622567952,816,9,upper-right,-0.739535724875394,122.114717523294,0.0164356595344752,0.0165737743204792,16,122.114717523294,122.114717523294,33.1705544655125,132.379170035257,39.6125299479644,324.808051251527,47.1796090292639,55.8197383886216,-0.739535724875394,0.948256675711954,1.07464072521725,3.95108198086943,2,0.0272331154684096,0.450519900578309,21.8137254901961,9.20479302832244,3.22712418300654
PaperChecks,FixedVsContact\Standard_21MPa_80C_contactAware,Results_Paper_ScientificallyCorrected_20260823/FixedVsContact/Standard_21MPa_80C_contactAware/end.mat,3.11703710213366,2240,20160,17.933914790749,27.9340127632875,59.6008212417018,162.964170923608,3.49013860427932,4.98993735130542,2240,9,upper-right,-0.985689712712508,125.69502684083,0.0098613957206851,0.0100626486945766,49,125.69502684083,125.69502684083,27.5151669857739,141.432701218086,30.1851739081834,314.639124654798,31.6907521678077,57.4866302003057,-0.985689712712508,1.05766006073697,1.10398086565269,3.44985872578492,2,0.00992063492063492,0.342209147887255,10.7390873015873,3.78472222222222,0.486111111111111
PaperChecks,FixedVsContact\Standard_21MPa_80C_fixedBC,Results_Paper_ScientificallyCorrected_20260823/FixedVsContact/Standard_21MPa_80C_fixedBC/end.mat,3.11703710213366,2240,20160,16.9008525900394,20.5513041169712,57.8062194657255,212.723111053837,0.0098613957206851,0.0100626486945766,1,1,lower-left,0.251985552507297,212.723111053837,0.0098613957206851,0.0100626486945766,49,212.723111053837,212.723111053837,21.7184075409514,184.982984213069,22.1177171823813,453.327225992712,21.2731216303136,91.5182971029273,-0.388476868020927,1.05836711146994,1.08243136725616,1.95409212060303,3,0.0148809523809524,0.227393818888455,90.1388888888889,1.13095238095238,0.35218253968254
PaperChecks,Validation\cases\Standard_21MPa_80C_dt_20s,Results_Paper_ScientificallyCorrected_20260823/Validation/cases/Standard_21MPa_80C_dt_20s/end.mat,3.07553956690701,2240,20160,17.9264329991791,27.9309464377501,59.590927137982,162.946613888119,3.49013860427932,4.98993735130542,2240,9,upper-right,-0.985246541666531,125.672587844277,0.0098613957206851,0.0100626486945766,49,125.672587844277,125.672587844277,27.5146393901041,141.41819756892,30.1802598353992,314.526577030178,31.6866427066406,57.482080515731,-0.985246541666531,1.0576708423525,1.10398320235397,3.44876753670717,2,0.00992063492063492,0.342094518244449,10.7390873015873,3.78472222222222,0.486111111111111
PaperChecks,Validation\cases\Standard_21MPa_80C_dt_45s,Results_Paper_ScientificallyCorrected_20260823/Validation/cases/Standard_21MPa_80C_dt_45s/end.mat,3.03788183650779,2240,20160,17.9196233589555,27.9281826613287,59.5820001606921,162.931277137132,3.49013860427932,4.98993735130542,2240,9,upper-right,-0.984859727174059,125.652142786899,0.0098613957206851,0.0100626486945766,49,125.652142786899,125.652142786899,27.5141942026526,141.40551468466,30.1757710696796,314.424356229157,31.6828807426821,57.4781131210526,-0.984859727174059,1.057680580721,1.10398527225344,3.44778079665135,2,0.00992063492063492,0.341989366074197,10.734126984127,3.78472222222222,0.486111111111111
PaperChecks,Validation\cases\Standard_21MPa_80C_grid_30x42,Results_Paper_ScientificallyCorrected_20260823/Validation/cases/Standard_21MPa_80C_grid_30x42/end.mat,3.11703710213366,1260,11340,19.6908330842359,28.5493586107112,71.6942666875154,149.745306354939,3.48685147237242,4.9865831350739,1260,9,upper-right,-0.671269516750177,101.341071491087,0.0131485276275801,0.0134168649261022,25,101.341071491087,101.341071491087,27.7219786642264,130.204941483793,30.7096203291978,218.10101266884,31.5694703359399,54.1112229077875,-0.671269516750177,1.04432163514483,1.10547524283699,2.71648343566939,2,0.017636684303351,0.346330418203483,13.8888888888889,4.90299823633157,0.740740740740741
PaperChecks,Validation\cases\Standard_21MPa_80C_grid_50x70,Results_Paper_ScientificallyCorrected_20260823/Validation/cases/Standard_21MPa_80C_grid_50x70/end.mat,3.11703710213366,3500,31500,16.1050882956712,27.3654477664828,53.4082444186292,172.881358032071,3.49211088342345,4.99194988104434,3500,9,upper-right,-1.23876075259878,148.769290607344,0.00788911657654808,0.00805011895566131,64,141.967309452085,148.769290607344,26.8897053785277,149.855942066717,29.4827366450967,422.634265773595,30.4659120216048,59.8553949156111,-1.23876075259878,1.06071775294917,1.10284813812424,4.24769201100982,2,0.00634920634920635,0.333218675658975,8.71111111111111,3.12380952380952,0.365079365079365
