Study,Label,Folder,File,TimeDays,SpanningDegradationPath,FluidAvg,FluidMax,AgingAvg,AgingMax,FatigueMax,Cycles,ConnectedDegradationExtentMm,ScreeningIndex,PhaseP99,FatigueP99,AgingP99,TimeScreening07Days,TimeScreening1Days,TimePhaseP99OneDays,FatigueMeanIP,FatigueP95IP,FatigueP999IP,FatigueFracGt05IP,FatigueFracGt07IP,FatigueFracGt09IP
grid,Grid_G18x26,source_states_parametric/Grid_G18x26,source_states_parametric/Grid_G18x26/end.mat,20.0631204953898,0,0.225278207961541,0.648870664867756,0.0837269079701188,0.0994184303806062,0.866322790559305,86672.6805400838,0,0.102113561248259,0.00406886638576642,0.102113561248259,0.0994201272175512,NaN,NaN,NaN,0.0888929914256462,0.0995233739715685,0.195896845822932,0.000712250712250712,0.000712250712250712,0
grid,Grid_G28x40,source_states_parametric/Grid_G28x40,source_states_parametric/Grid_G28x40/end.mat,20.0631204953898,0,0.225134843410782,0.649111082111455,0.0837269078067047,0.0994194247123668,0.866416821092339,86672.6805400838,0,0.102307405808515,0.00245724186683869,0.102307405808515,0.0994201269598206,NaN,NaN,NaN,0.0888005407153987,0.0999745960053539,0.102936365428379,0.000694444444444444,0.000595238095238095,0
grid,Grid_G40x56,source_states_parametric/Grid_G40x56,source_states_parametric/Grid_G40x56/end.mat,20.0631204953898,0,0.225812497529554,0.649495177461424,0.0837269077802221,0.0994197826401712,0.866470661166075,86672.6805400838,0,0.102304590287258,0.00247241268466653,0.102304590287258,0.0994201269181442,NaN,NaN,NaN,0.0887727993154386,0.0997428997486443,0.103027066481715,0.00064484126984127,0.000446428571428571,0
length_scale,LengthScale_lh2.0,source_states_parametric/LengthScale_lh2.0,source_states_parametric/LengthScale_lh2.0/end.mat,20.0631204953898,0,0.224662011798304,0.649309112635017,0.0837269078067047,0.0994194247123668,0.866416821092339,86672.6805400838,0,0.102309610871181,0.00282270532063255,0.102309610871181,0.0994201269598205,NaN,NaN,NaN,0.0888110011433732,0.099974833490613,0.102937570348517,0.000694444444444444,0.000595238095238095,0
length_scale,LengthScale_lh3.0,source_states_parametric/LengthScale_lh3.0,source_states_parametric/LengthScale_lh3.0/end.mat,20.0631204953898,0,0.225677539882315,0.648879564868208,0.0837269078067046,0.0994194247123668,0.866416821092339,86672.6805400838,0,0.102307684557363,0.00221433651475685,0.102307684557363,0.0994201269598205,NaN,NaN,NaN,0.0888005395562606,0.0999747491326571,0.102936310339509,0.000694444444444444,0.000595238095238095,0
length_scale,LengthScale_lh4.0,source_states_parametric/LengthScale_lh4.0,source_states_parametric/LengthScale_lh4.0/end.mat,20.0631204953898,0,0.225768378774288,0.648508307341659,0.0837269078067047,0.0994194247123669,0.866416821092339,86672.6805400838,0,0.102308437781046,0.00184167416305239,0.102308437781046,0.0994201269598206,NaN,NaN,NaN,0.0888005227464119,0.0999746691686191,0.102936192417631,0.000694444444444444,0.000595238095238095,0
length_scale,LengthScale_lh5.0,source_states_parametric/LengthScale_lh5.0,source_states_parametric/LengthScale_lh5.0/end.mat,20.0631204953898,0,0.225349248336467,0.648167428976908,0.0837269078067047,0.0994194247123666,0.866416821092339,86672.6805400838,0,0.102308810175897,0.0015190603704752,0.102308810175897,0.0994201269598206,NaN,NaN,NaN,0.0888004958421238,0.0999745747349528,0.10293607427167,0.000694444444444444,0.000595238095238095,0
orthogonal,Orthogonal_O01_P21_T080_f020,source_states_parametric/Orthogonal_O01_P21_T080_f020,source_states_parametric/Orthogonal_O01_P21_T080_f020/end.mat,20.0631204953898,0,0.214893552058781,0.647439632375527,0.0837269078356681,0.0994191715161361,0.346555971189928,34669.0722160335,0,0.0994201270054317,0.000342940461968086,0.0409017767326501,0.0994201270054317,NaN,NaN,NaN,0.0355217564543917,0.039945897223318,0.0411561969297283,0,0,0
orthogonal,Orthogonal_O02_P21_T100_f050,source_states_parametric/Orthogonal_O02_P21_T100_f050,source_states_parametric/Orthogonal_O02_P21_T100_f050/end.mat,20.0631204953898,0,0.229305523474362,0.64929743471071,0.138980395975537,0.181001757371019,0.866389927974822,86672.6805400838,0,0.18100436655756,0.00583020320127761,0.102259247612964,0.18100436655756,NaN,NaN,NaN,0.0888605073666252,0.0998642938470335,0.10691050857654,0.000816993464052288,0.000544662309368192,0
orthogonal,Orthogonal_O03_P21_T120_f100,source_states_parametric/Orthogonal_O03_P21_T120_f100,source_states_parametric/Orthogonal_O03_P21_T120_f100/end.mat,20.0631204953898,0,0.645227362021209,0.649964582872985,0.237093099380066,0.324433754571826,1,173345.361080168,0,0.324439115990728,0.121278645662263,0.204353448975374,0.324439115990728,NaN,NaN,NaN,0.177124313418427,0.199012339251397,0.405579839452929,0.000953159041394336,0.000953159041394336,0.000816993464052288
orthogonal,Orthogonal_O04_P28_T080_f050,source_states_parametric/Orthogonal_O04_P28_T080_f050,source_states_parametric/Orthogonal_O04_P28_T080_f050/end.mat,20.0631204953898,0,0.346782103195637,0.649466217176549,0.0837269078356681,0.0994191715161361,0.866420221188339,86672.6805400838,0,0.184122592445657,0.0386970789177182,0.184122592445657,0.0994201270054317,NaN,NaN,NaN,0.159408241787632,0.179792259544606,0.185394353223389,0.00068082788671024,0.000544662309368192,0
orthogonal,Orthogonal_O05_P28_T100_f100,source_states_parametric/Orthogonal_O05_P28_T100_f100,source_states_parametric/Orthogonal_O05_P28_T100_f100/end.mat,20.0631204953898,0,0.649982989310219,0.649999822763596,0.138980395975537,0.181001757371019,1,173345.361080168,0,0.365319707108957,0.145533693089783,0.365319707108957,0.181004366557561,NaN,NaN,NaN,0.31748393287775,0.356421242985923,0.71582463908241,0.00136165577342048,0.00108932461873638,0.000816993464052288
orthogonal,Orthogonal_O06_P28_T120_f020,source_states_parametric/Orthogonal_O06_P28_T120_f020,source_states_parametric/Orthogonal_O06_P28_T120_f020/end.mat,20.0631204953898,0,0.649930164049849,0.649999385040049,0.237093099380066,0.324433754571826,0.346568088475335,34669.0722160335,0,0.324439115990728,0.12496962274305,0.0735132498106985,0.324439115990728,NaN,NaN,NaN,0.0636188191659704,0.0715636252334485,0.143171120562807,0,0,0
orthogonal,Orthogonal_O07_P35_T080_f100,source_states_parametric/Orthogonal_O07_P35_T080_f100,source_states_parametric/Orthogonal_O07_P35_T080_f100/end.mat,20.0631204953898,0,0.649999999881377,0.64999999999867,0.0837269078356681,0.0994191715161361,1,173345.361080168,0,0.563926517029848,0.204429881581729,0.563926517029848,0.0994201270054317,NaN,NaN,NaN,0.496410670116713,0.552387325910627,1,0.339460784313726,0.00163398692810458,0.00149782135076253
orthogonal,Orthogonal_O08_P35_T100_f020,source_states_parametric/Orthogonal_O08_P35_T100_f020,source_states_parametric/Orthogonal_O08_P35_T100_f020/end.mat,20.0631204953898,0,0.649982994814098,0.649999824053654,0.138980395975537,0.181001757371019,0.346583710245561,34669.0722160335,0,0.18100436655756,0.112598240364067,0.115174765445308,0.18100436655756,NaN,NaN,NaN,0.099965449730285,0.1124648644943,0.188394424424571,0,0,0
orthogonal,Orthogonal_O09_P35_T120_f050,source_states_parametric/Orthogonal_O09_P35_T120_f050,source_states_parametric/Orthogonal_O09_P35_T120_f050/end.mat,20.0631204953898,0,0.649999999999765,0.649999999999997,0.237093099380066,0.324433754571826,0.866459275613905,86672.6805400838,0,0.324439115990728,0.220565109258331,0.283361128791575,0.324439115990728,NaN,NaN,NaN,0.248191769634433,0.275908793757173,0.459615912102484,0.000816993464052288,0.000544662309368192,0
