Order,Case,Study,EndFile,TimeDays,Steps,Cycles,CLAvg,CLMax,PhiP99,AgingP99,DfP99,DfP999,DfMax,ScreeningIndex,DfIPMin,DfIPMax,DfFracGt05,HardPass
1,Grid_G18x26,grid,source_states_parametric/Grid_G18x26/end.mat,20.0631204953898,252,86672.6805400838,0.225278207961541,0.648870664867756,0.00406886638576642,0.0994201272175512,0.102113561248259,0.195896845822932,0.866322790559305,0.102113561248259,0.0826869783295593,0.866322790559305,0.000712250712250712,1
2,Grid_G28x40,grid,source_states_parametric/Grid_G28x40/end.mat,20.0631204953898,252,86672.6805400838,0.225134843410782,0.649111082111455,0.00245724186683869,0.0994201269598206,0.102307405808515,0.102936365428379,0.866416821092339,0.102307405808515,0.0826834663236398,0.866416821092339,0.000694444444444444,1
3,Grid_G40x56,grid,source_states_parametric/Grid_G40x56/end.mat,20.0631204953898,252,86672.6805400838,0.225812497529554,0.649495177461424,0.00247241268466653,0.0994201269181442,0.102304590287258,0.103027066481715,0.866470661166075,0.102304590287258,0.0826837313316231,0.866470661166075,0.00064484126984127,1
4,LengthScale_lh2.0,length_scale,source_states_parametric/LengthScale_lh2.0/end.mat,20.0631204953898,252,86672.6805400838,0.224662011798304,0.649309112635017,0.00282270532063255,0.0994201269598205,0.102309610871181,0.102937570348517,0.866416821092339,0.102309610871181,0.0826834636369125,0.866416821092339,0.000694444444444444,1
5,LengthScale_lh3.0,length_scale,source_states_parametric/LengthScale_lh3.0/end.mat,20.0631204953898,252,86672.6805400838,0.225677539882315,0.648879564868208,0.00221433651475685,0.0994201269598205,0.102307684557363,0.102936310339509,0.866416821092339,0.102307684557363,0.0826834689886309,0.866416821092339,0.000694444444444444,1
6,LengthScale_lh4.0,length_scale,source_states_parametric/LengthScale_lh4.0/end.mat,20.0631204953898,252,86672.6805400838,0.225768378774288,0.648508307341659,0.00184167416305239,0.0994201269598206,0.102308437781046,0.102936192417631,0.866416821092339,0.102308437781046,0.0826834707123565,0.866416821092339,0.000694444444444444,1
7,LengthScale_lh5.0,length_scale,source_states_parametric/LengthScale_lh5.0/end.mat,20.0631204953898,252,86672.6805400838,0.225349248336467,0.648167428976908,0.0015190603704752,0.0994201269598206,0.102308810175897,0.10293607427167,0.866416821092339,0.102308810175897,0.0826834706922645,0.866416821092339,0.000694444444444444,1
8,Orthogonal_O01_P21_T080_f020,orthogonal,source_states_parametric/Orthogonal_O01_P21_T080_f020/end.mat,20.0631204953898,252,34669.0722160335,0.214893552058781,0.647439632375527,0.000342940461968086,0.0994201270054317,0.0409017767326501,0.0411561969297283,0.346555971189928,0.0994201270054317,0.0330727723101141,0.346555971189928,0,1
9,Orthogonal_O02_P21_T100_f050,orthogonal,source_states_parametric/Orthogonal_O02_P21_T100_f050/end.mat,20.0631204953898,252,86672.6805400838,0.229305523474362,0.64929743471071,0.00583020320127761,0.18100436655756,0.102259247612964,0.10691050857654,0.866389927974822,0.18100436655756,0.0826821061619279,0.866389927974822,0.000816993464052288,1
10,Orthogonal_O03_P21_T120_f100,orthogonal,source_states_parametric/Orthogonal_O03_P21_T120_f100/end.mat,20.0631204953898,252,173345.361080168,0.645227362021209,0.649964582872985,0.121278645662263,0.324439115990728,0.204353448975374,0.405579839452929,1,0.324439115990728,0.165356807231833,1,0.000953159041394336,1
11,Orthogonal_O04_P28_T080_f050,orthogonal,source_states_parametric/Orthogonal_O04_P28_T080_f050/end.mat,20.0631204953898,252,86672.6805400838,0.346782103195637,0.649466217176549,0.0386970789177182,0.0994201270054317,0.184122592445657,0.185394353223389,0.866420221188339,0.184122592445657,0.148789589290717,0.866420221188339,0.00068082788671024,1
12,Orthogonal_O05_P28_T100_f100,orthogonal,source_states_parametric/Orthogonal_O05_P28_T100_f100/end.mat,20.0631204953898,252,173345.361080168,0.649982989310219,0.649999822763596,0.145533693089783,0.181004366557561,0.365319707108957,0.71582463908241,1,0.365319707108957,0.297560852710803,1,0.00136165577342048,1
13,Orthogonal_O06_P28_T120_f020,orthogonal,source_states_parametric/Orthogonal_O06_P28_T120_f020/end.mat,20.0631204953898,252,34669.0722160335,0.649930164049849,0.649999385040049,0.12496962274305,0.324439115990728,0.0735132498106985,0.143171120562807,0.346568088475335,0.324439115990728,0.0595116199186733,0.346568088475335,0,1
14,Orthogonal_O07_P35_T080_f100,orthogonal,source_states_parametric/Orthogonal_O07_P35_T080_f100/end.mat,20.0631204953898,252,173345.361080168,0.649999999881377,0.64999999999867,0.204429881581729,0.0994201270054317,0.563926517029848,1,1,0.563926517029848,0.46828315254581,1,0.339460784313726,1
15,Orthogonal_O08_P35_T100_f020,orthogonal,source_states_parametric/Orthogonal_O08_P35_T100_f020/end.mat,20.0631204953898,252,34669.0722160335,0.649982994814098,0.649999824053654,0.112598240364067,0.18100436655756,0.115174765445308,0.188394424424571,0.346583710245561,0.18100436655756,0.0936641130915802,0.346583710245561,0,1
16,Orthogonal_O09_P35_T120_f050,orthogonal,source_states_parametric/Orthogonal_O09_P35_T120_f050/end.mat,20.0631204953898,252,86672.6805400838,0.649999999999765,0.649999999999997,0.220565109258331,0.324439115990728,0.283361128791575,0.459615912102484,0.866459275613905,0.324439115990728,0.234124809161367,0.866459275613905,0.000816993464052288,1
