Response,Factor,Level1Mean,Level2Mean,Level3Mean,Range,Nondecreasing,RangeRanking
ScreeningIndex,PressureMPa,0.201621203184573,0.291293805181781,0.356456666526046,0.154835463341472,1,FrequencyHz > PressureMPa > TemperatureC
ScreeningIndex,TemperatureC,0.282489745493646,0.242442813408026,0.324439115990728,0.0819963025827015,0,FrequencyHz > PressureMPa > TemperatureC
ScreeningIndex,FrequencyHz,0.201621203184573,0.229855358331315,0.417895113376511,0.216273910191938,1,FrequencyHz > PressureMPa > TemperatureC
DfP99,PressureMPa,0.115838157773663,0.207651849788438,0.320820803755577,0.204982645981914,1,FrequencyHz > PressureMPa > TemperatureC
DfP99,TemperatureC,0.262983628736052,0.194251240055743,0.187075942525883,0.075907686210169,0,FrequencyHz > PressureMPa > TemperatureC
DfP99,FrequencyHz,0.0765299306628855,0.189914322950065,0.377866557704727,0.301336627041841,1,FrequencyHz > PressureMPa > TemperatureC
AgingP99,PressureMPa,0.201621203184573,0.201621203184573,0.201621203184573,5.55111512312578e-17,1,TemperatureC > PressureMPa = FrequencyHz
AgingP99,TemperatureC,0.0994201270054317,0.18100436655756,0.324439115990728,0.225018988985296,1,TemperatureC > PressureMPa = FrequencyHz
AgingP99,FrequencyHz,0.201621203184573,0.201621203184573,0.201621203184573,8.32667268468867e-17,1,TemperatureC > PressureMPa = FrequencyHz
