Case,Metric,OldFinal,NewFinal,Delta,RelativeDelta,CurveRMSE,CurveMaxAbs,SameTimeVector
Grid_G18x26,CL_avg,0.235237667811221,0.225278207961541,-0.00995945984967989,-0.0423378617138493,0.00364549347271862,0.00995945984967989,1
Grid_G18x26,CL_max,0.649210046773267,0.648870664867756,-0.000339381905510971,-0.000522761326935377,0.00208800347656673,0.00941914736337923,1
Grid_G18x26,phi_p99,0.00817813012242164,0.00406886638576642,-0.00410926373665522,-0.410926373665522,0.00142215667208853,0.00410926373665522,1
Grid_G18x26,alpha_p99,0.0994201272175512,0.0994201272175512,-4.16333634234434e-17,-4.18761920635459e-16,1.76719419836157e-17,9.71445146547012e-17,1
Grid_G18x26,Df_p99,0.204237004347551,0.102113561248259,-0.102123443099292,-0.500024192117056,0.0337735019771926,0.102123443099292,1
Grid_G18x26,Df_max,1,0.866322790559305,-0.133677209440695,-0.133677209440695,0.177508315845334,0.499125745311759,1
Grid_G18x26,screening_index,0.204237004347551,0.102113561248259,-0.102123443099292,-0.500024192117056,0.0291136318618065,0.102123443099292,1
Grid_G18x26,LFrac,0,0,0,0,0,0,1
Grid_G18x26,leakage_Q,5.87495365223434e-20,5.85244408716114e-20,-2.25095650732026e-22,-0.00383144555781165,5.5669689886565e-23,2.25095650732026e-22,1
Grid_G18x26,leakage_Q_poiseuille,7.28909271045561e-20,5.84099610290129e-20,-1.44809660755432e-20,-0.198666235302117,3.45005541225605e-21,1.44809660755432e-20,1
Grid_G28x40,CL_avg,0.23533228480637,0.225134843410782,-0.0101974413955883,-0.0433320970132879,0.00368449571194596,0.0101974413955883,1
Grid_G28x40,CL_max,0.649458094004159,0.649111082111455,-0.000347011892704696,-0.000534309905301563,0.00123814622620503,0.00517853002850088,1
Grid_G28x40,phi_p99,0.00461718717781277,0.00245724186683869,-0.00215994531097408,-0.215994531097408,0.000860024573018074,0.00215994531097408,1
Grid_G28x40,alpha_p99,0.0994201269598207,0.0994201269598206,-5.55111512312578e-17,-5.58349228961374e-16,3.62922932305908e-17,1.52655665885959e-16,1
Grid_G28x40,Df_p99,0.204620342708887,0.102307405808515,-0.102312936900372,-0.500013515498469,0.0338399835579498,0.102312936900372,1
Grid_G28x40,Df_max,1,0.866416821092339,-0.133583178907661,-0.133583178907661,0.177518041633227,0.499219790768343,1
Grid_G28x40,screening_index,0.204620342708887,0.102307405808515,-0.102312936900372,-0.500013515498469,0.0292307521672142,0.102312936900372,1
Grid_G28x40,LFrac,0,0,0,0,0,0,1
Grid_G28x40,leakage_Q,5.85887046366104e-20,5.84838938529698e-20,-1.04810783640641e-22,-0.00178892474736757,3.05783619921223e-23,1.04810783640641e-22,1
Grid_G28x40,leakage_Q_poiseuille,6.32391024352813e-20,5.59989662095945e-20,-7.24013622568684e-21,-0.114488282516286,2.03201297382686e-21,7.24013622568684e-21,1
Grid_G40x56,CL_avg,0.234979463329044,0.225812497529554,-0.00916696579948972,-0.0390117743466506,0.0035802168189971,0.00916696579948972,1
Grid_G40x56,CL_max,0.649649813406587,0.649495177461424,-0.000154635945163073,-0.00023802969226175,0.000949948488631357,0.00424960975673117,1
Grid_G40x56,phi_p99,0.00436834750891192,0.00247241268466653,-0.00189593482424539,-0.189593482424539,0.000769760988310674,0.00197310224721052,1
Grid_G40x56,alpha_p99,0.0994201269181444,0.0994201269181442,-2.22044604925031e-16,-2.23339691678172e-15,7.37511329989554e-17,3.05311331771918e-16,1
Grid_G40x56,Df_p99,0.204620337208484,0.102304590287258,-0.102315746921226,-0.50002726179157,0.0338376220764338,0.102315746921226,1
Grid_G40x56,Df_max,1,0.866470661166075,-0.133529338833925,-0.133529338833925,0.177523632350559,0.499273644202532,1
Grid_G40x56,screening_index,0.204620337208484,0.102304590287258,-0.102315746921226,-0.50002726179157,0.0292269669538085,0.102315746921226,1
Grid_G40x56,LFrac,0,0,0,0,0,0,1
Grid_G40x56,leakage_Q,5.85920592543689e-20,5.84929883390431e-20,-9.90709153257983e-23,-0.00169085907862866,2.78598173421571e-23,9.90709153257983e-23,1
Grid_G40x56,leakage_Q_poiseuille,6.60583201235433e-20,5.71952037510921e-20,-8.86311637245124e-21,-0.134171083307527,2.41320136051428e-21,8.86311637245124e-21,1
LengthScale_lh2.0,CL_avg,0.233679655978574,0.224662011798304,-0.00901764418026968,-0.0385897700101737,0.00335677074784479,0.00901764418026968,1
LengthScale_lh2.0,CL_max,0.64955820969083,0.649309112635017,-0.000249097055812886,-0.000383486887081988,0.00132098264734652,0.00567471009257992,1
LengthScale_lh2.0,phi_p99,0.00533350565023967,0.00282270532063255,-0.00251080032960712,-0.251080032960712,0.000918951711618011,0.00251080032960712,1
LengthScale_lh2.0,alpha_p99,0.0994201269598206,0.0994201269598205,-5.55111512312578e-17,-5.58349228961375e-16,2.72783668260229e-17,1.2490009027033e-16,1
LengthScale_lh2.0,Df_p99,0.20462657054479,0.102309610871181,-0.102316959673609,-0.500017956618264,0.0338393197060001,0.102316959673609,1
LengthScale_lh2.0,Df_max,1,0.866416821092339,-0.133583178907661,-0.133583178907661,0.177518041633227,0.499219790768343,1
LengthScale_lh2.0,screening_index,0.20462657054479,0.102309610871181,-0.102316959673609,-0.500017956618264,0.0292308276654997,0.102316959673609,1
LengthScale_lh2.0,LFrac,0,0,0,0,0,0,1
LengthScale_lh2.0,leakage_Q,5.86660363073183e-20,5.85192398275087e-20,-1.46796479809555e-22,-0.00250223960999464,4.71906958315542e-23,1.46796479809555e-22,1
LengthScale_lh2.0,leakage_Q_poiseuille,7.54254692433221e-20,5.80367107096455e-20,-1.73887585336765e-20,-0.230542265207267,4.5426127535423e-21,1.73887585336765e-20,1
LengthScale_lh3.0,CL_avg,0.236442955024879,0.225677539882315,-0.0107654151425642,-0.0455307079943722,0.00383415353563486,0.0107654151425642,1
LengthScale_lh3.0,CL_max,0.649260550423709,0.648879564868208,-0.000380985555501256,-0.000586799175235003,0.00112890699049251,0.00452829907927355,1
LengthScale_lh3.0,phi_p99,0.003807839513277,0.00221433651475685,-0.00159350299852015,-0.159350299852015,0.000695971540412708,0.00183741068497229,1
LengthScale_lh3.0,alpha_p99,0.0994201269598206,0.0994201269598205,-1.2490009027033e-16,-1.25628576516309e-15,2.88416690948622e-17,1.66533453693773e-16,1
LengthScale_lh3.0,Df_p99,0.204619482103801,0.102307684557363,-0.102311797546438,-0.500010050335953,0.0338405060290193,0.102311797546438,1
LengthScale_lh3.0,Df_max,1,0.866416821092339,-0.133583178907661,-0.133583178907661,0.177518041633227,0.499219790768343,1
LengthScale_lh3.0,screening_index,0.204619482103801,0.102307684557363,-0.102311797546438,-0.500010050335953,0.0292313452018427,0.102311797546438,1
LengthScale_lh3.0,LFrac,0,0,0,0,0,0,1
LengthScale_lh3.0,leakage_Q,5.85123930221221e-20,5.84687936805216e-20,-4.35993416005432e-23,-0.000745130037393265,1.12847498122834e-23,4.35993416005432e-23,1
LengthScale_lh3.0,leakage_Q_poiseuille,5.76707588386755e-20,5.51582602794691e-20,-2.51249855920635e-21,-0.043566247606255,7.56761486789008e-22,2.51249855920635e-21,1
LengthScale_lh4.0,CL_avg,0.235967684988205,0.225768378774288,-0.0101993062139167,-0.0432233176946519,0.00366580931464337,0.0101993062139167,1
LengthScale_lh4.0,CL_max,0.648873043315584,0.648508307341659,-0.000364735973924724,-0.00056210683689526,0.000980988647013223,0.00365463419613321,1
LengthScale_lh4.0,phi_p99,0.00268664132798087,0.00184167416305239,-0.000844967164928475,-0.0844967164928475,0.000456805665424655,0.00124497772457307,1
LengthScale_lh4.0,alpha_p99,0.0994201269598205,0.0994201269598206,1.11022302462516e-16,1.11669845792275e-15,2.53172207259444e-17,1.2490009027033e-16,1
LengthScale_lh4.0,Df_p99,0.204618292530039,0.102308437781046,-0.102309854748992,-0.50000346246645,0.0338385735910863,0.102309854748992,1
LengthScale_lh4.0,Df_max,1,0.866416821092339,-0.133583178907661,-0.133583178907661,0.177518041633227,0.499219790768343,1
LengthScale_lh4.0,screening_index,0.204618292530039,0.102308437781046,-0.102309854748992,-0.50000346246645,0.0292294849543565,0.102309854748992,1
LengthScale_lh4.0,LFrac,0,0,0,0,0,0,1
LengthScale_lh4.0,leakage_Q,5.84681287204129e-20,5.84620828406713e-20,-6.04587974160933e-24,-0.000103404707383743,1.46565651543994e-24,6.04587974160933e-24,1
LengthScale_lh4.0,leakage_Q_poiseuille,5.52200894807388e-20,5.46072607222301e-20,-6.12828758508684e-22,-0.0110979312831871,2.09678726965263e-22,6.12828758508684e-22,1
LengthScale_lh5.0,CL_avg,0.235773169807551,0.225349248336467,-0.0104239214710842,-0.0442116525794375,0.00365276821652269,0.0104239214710842,1
LengthScale_lh5.0,CL_max,0.648585753473467,0.648167428976908,-0.000418324496559208,-0.000644979471594763,0.000879074719020674,0.0030213502534735,1
LengthScale_lh5.0,phi_p99,0.00220476932977774,0.0015190603704752,-0.000685708959302538,-0.0685708959302538,0.000376343422223296,0.00103318142501474,1
LengthScale_lh5.0,alpha_p99,0.0994201269598205,0.0994201269598206,5.55111512312578e-17,5.58349228961375e-16,2.85798432958824e-17,1.66533453693773e-16,1
LengthScale_lh5.0,Df_p99,0.204619553620238,0.102308810175897,-0.102310743444342,-0.500004724055964,0.0338386313177363,0.102310743444342,1
LengthScale_lh5.0,Df_max,1,0.866416821092339,-0.133583178907661,-0.133583178907661,0.177518041633227,0.499219790768343,1
LengthScale_lh5.0,screening_index,0.204619553620238,0.102308810175897,-0.102310743444342,-0.500004724055964,0.0292295576974361,0.102310743444342,1
LengthScale_lh5.0,LFrac,0,0,0,0,0,0,1
LengthScale_lh5.0,leakage_Q,5.84625390994541e-20,5.84606789092077e-20,-1.8601902464294e-24,-3.18184990779295e-05,4.41853780870213e-25,1.8601902464294e-24,1
LengthScale_lh5.0,leakage_Q_poiseuille,5.47215326013089e-20,5.43848034849184e-20,-3.36729116390529e-22,-0.00615350302492212,1.17251659957399e-22,3.36729116390529e-22,1
Orthogonal_O01_P21_T080_f020,CL_avg,0.221589512807335,0.214893552058781,-0.00669596074855375,-0.0302178594271999,0.00157994788864073,0.00669596074855375,1
Orthogonal_O01_P21_T080_f020,CL_max,0.648820569536887,0.647439632375527,-0.0013809371613609,-0.0021283806744083,0.00137497524793777,0.00464131291863934,1
Orthogonal_O01_P21_T080_f020,phi_p99,0.00244979325984848,0.000342940461968086,-0.0021068527978804,-0.21068527978804,0.000483871014994886,0.0021068527978804,1
Orthogonal_O01_P21_T080_f020,alpha_p99,0.0994201270054316,0.0994201270054317,9.71445146547012e-17,9.77111150234136e-16,2.04058009226879e-17,1.11022302462516e-16,1
Orthogonal_O01_P21_T080_f020,Df_p99,0.0818064494832829,0.0409017767326501,-0.0409046727506327,-0.500017700425828,0.0135288980240965,0.0409046727506327,1
Orthogonal_O01_P21_T080_f020,Df_max,0.69311312806558,0.346555971189928,-0.346557156875651,-0.500000855333477,0.114607438617158,0.346557156875651,1
Orthogonal_O01_P21_T080_f020,screening_index,0.0994201270054316,0.0994201270054317,9.71445146547012e-17,9.77111150234136e-16,2.04058009226879e-17,1.11022302462516e-16,1
Orthogonal_O01_P21_T080_f020,LFrac,0,0,0,0,0,0,1
Orthogonal_O01_P21_T080_f020,leakage_Q,5.8478822078573e-20,5.84601081125469e-20,-1.87139660261272e-23,-0.00032001270478709,2.77574470488749e-24,1.87139660261272e-23,1
Orthogonal_O01_P21_T080_f020,leakage_Q_poiseuille,5.56660909638859e-20,5.41332318367749e-20,-1.53285912711098e-21,-0.0275366762883609,2.75244521963824e-22,1.53285912711098e-21,1
Orthogonal_O02_P21_T100_f050,CL_avg,0.33493870646055,0.229305523474362,-0.105633182986188,-0.31538063815455,0.0168152215131231,0.105633182986188,1
Orthogonal_O02_P21_T100_f050,CL_max,0.649492794999286,0.64929743471071,-0.000195360288575475,-0.000300789000400981,0.00140926581273191,0.00670840827294528,1
Orthogonal_O02_P21_T100_f050,phi_p99,0.0401995025893189,0.00583020320127761,-0.0343692993880413,-0.854968275084411,0.00614141967595549,0.0343692993880413,1
Orthogonal_O02_P21_T100_f050,alpha_p99,0.18100436655756,0.18100436655756,-2.77555756156289e-17,-1.53342022314155e-16,6.93546474930991e-17,3.05311331771918e-16,1
Orthogonal_O02_P21_T100_f050,Df_p99,0.204505572221419,0.102259247612964,-0.102246324608455,-0.499968404272879,0.0338232308385725,0.102246324608455,1
Orthogonal_O02_P21_T100_f050,Df_max,1,0.866389927974822,-0.133610072025178,-0.133610072025178,0.177515255048414,0.499192892189131,1
Orthogonal_O02_P21_T100_f050,screening_index,0.204505572221419,0.18100436655756,-0.0235012056638589,-0.114917189828031,0.00334721207124718,0.0235012056638589,1
Orthogonal_O02_P21_T100_f050,LFrac,0,0,0,0,0,0,1
Orthogonal_O02_P21_T100_f050,leakage_Q,7.82910181600234e-20,5.86458036599464e-20,-1.9645214500077e-20,-0.250925520727333,2.62786878926927e-21,1.9645214500077e-20,1
Orthogonal_O02_P21_T100_f050,leakage_Q_poiseuille,6.7298183601006e-18,6.59196343793903e-20,-6.66389872572121e-18,-0.990204841965689,6.53027968852478e-19,6.66389872572121e-18,1
Orthogonal_O03_P21_T120_f100,CL_avg,0.649998757012204,0.645227362021209,-0.00477139499099499,-0.00734062171584339,0.0492785923955845,0.160669889060288,1
Orthogonal_O03_P21_T120_f100,CL_max,0.649999987559588,0.649964582872985,-3.54046866026803e-05,-5.44687496619907e-05,0.00179886173179702,0.00881315065115829,1
Orthogonal_O03_P21_T120_f100,phi_p99,0.178517742118629,0.121278645662263,-0.057239096456366,-0.320635337289497,0.0206653409800755,0.057239096456366,1
Orthogonal_O03_P21_T120_f100,alpha_p99,0.324439115990728,0.324439115990728,1.11022302462516e-16,3.42197648158087e-16,7.33967633828361e-17,4.16333634234434e-16,1
Orthogonal_O03_P21_T120_f100,Df_p99,0.406737715994953,0.204353448975374,-0.202384267019578,-0.497579297568976,0.0673874899820487,0.202384267019578,1
Orthogonal_O03_P21_T120_f100,Df_max,1,1,0,0,0.142475343888199,0.496362176817938,1
Orthogonal_O03_P21_T120_f100,screening_index,0.406737715994953,0.324439115990728,-0.082298600004225,-0.202338255755083,0.0145741368133375,0.082298600004225,1
Orthogonal_O03_P21_T120_f100,LFrac,0,0,0,0,0,0,1
Orthogonal_O03_P21_T120_f100,leakage_Q,4.28391421266785e-14,4.28547458860771e-19,-4.28387135792196e-14,-0.999989996357593,4.48466646055226e-15,4.28387135792196e-14,1
Orthogonal_O03_P21_T120_f100,leakage_Q_poiseuille,9.44393873051269e-14,8.98057998313897e-15,-8.54588073219879e-14,-0.904906414162521,1.44503925045071e-14,8.54588073219879e-14,1
Orthogonal_O04_P28_T080_f050,CL_avg,0.641567895557322,0.346782103195637,-0.294785792361685,-0.459477156514523,0.0832518953103583,0.306131516212448,1
Orthogonal_O04_P28_T080_f050,CL_max,0.649914383769676,0.649466217176549,-0.00044816659312652,-0.00068957789567148,0.00157656160690284,0.00703678388694617,1
Orthogonal_O04_P28_T080_f050,phi_p99,0.106214162376993,0.0386970789177182,-0.067517083459275,-0.635669311401544,0.0203235596956639,0.067517083459275,1
Orthogonal_O04_P28_T080_f050,alpha_p99,0.0994201270054317,0.0994201270054317,0,0,2.00814683418932e-17,1.2490009027033e-16,1
Orthogonal_O04_P28_T080_f050,Df_p99,0.367230903309463,0.184122592445657,-0.183108310863806,-0.498619013851081,0.0608090618343343,0.183108310863806,1
Orthogonal_O04_P28_T080_f050,Df_max,1,0.866420221188339,-0.133579778811661,-0.133579778811661,0.177519186899642,0.499225524320087,1
Orthogonal_O04_P28_T080_f050,screening_index,0.367230903309463,0.184122592445657,-0.183108310863806,-0.498619013851081,0.060167056040538,0.183108310863806,1
Orthogonal_O04_P28_T080_f050,LFrac,0,0,0,0,0,0,1
Orthogonal_O04_P28_T080_f050,leakage_Q,6.36497462230657e-14,1.0770170158535e-19,-6.36496385213641e-14,-0.999998307900534,4.96377262041251e-15,6.36496385213641e-14,1
Orthogonal_O04_P28_T080_f050,leakage_Q_poiseuille,3.69279658246686e-15,9.05650772630137e-18,-3.68374007474056e-15,-0.997547520551416,4.73734404696092e-16,3.68374007474056e-15,1
Orthogonal_O05_P28_T100_f100,CL_avg,0.649999999938996,0.649982989310219,-1.70106287775695e-05,-2.61701981217939e-05,0.0688723052318345,0.26073300419152,1
Orthogonal_O05_P28_T100_f100,CL_max,0.64999999999932,0.649999822763596,-1.77235724541092e-07,-2.72670345448118e-07,0.00205936878371738,0.00910702341979874,1
Orthogonal_O05_P28_T100_f100,phi_p99,0.236891013813905,0.145533693089783,-0.0913573207241221,-0.385651271668286,0.0345302583995821,0.0913573207241221,1
Orthogonal_O05_P28_T100_f100,alpha_p99,0.18100436655756,0.181004366557561,5.55111512312578e-17,3.0668404462831e-16,4.40520573773971e-17,2.4980018054066e-16,1
Orthogonal_O05_P28_T100_f100,Df_p99,0.717510312568861,0.365319707108957,-0.352190605459903,-0.490850931743372,0.118742671317548,0.352190605459903,1
Orthogonal_O05_P28_T100_f100,Df_max,1,1,0,0,0.14248789947169,0.496301590390904,1
Orthogonal_O05_P28_T100_f100,screening_index,0.717510312568861,0.365319707108957,-0.352190605459903,-0.490850931743372,0.118400111574722,0.352190605459903,1
Orthogonal_O05_P28_T100_f100,LFrac,0,0,0,0,0,0,1
Orthogonal_O05_P28_T100_f100,leakage_Q,2.10588306999724e-10,3.78345311666369e-13,-2.10209961688058e-10,-0.998203388796573,2.91299345263848e-11,2.10209961688058e-10,1
Orthogonal_O05_P28_T100_f100,leakage_Q_poiseuille,7.1349013356606e-13,3.29089728804674e-14,-6.80581160685593e-13,-0.953876064528059,1.16117262757843e-13,6.80581160685593e-13,1
Orthogonal_O06_P28_T120_f020,CL_avg,0.649997835979202,0.649930164049849,-6.76719293529748e-05,-0.000104111007155938,0.0166579912637522,0.0537450337116653,1
Orthogonal_O06_P28_T120_f020,CL_max,0.649999979572961,0.649999385040049,-5.94532911790679e-07,-9.14666046883997e-07,0.000746332031981403,0.00377357490302421,1
Orthogonal_O06_P28_T120_f020,phi_p99,0.147490659243559,0.12496962274305,-0.0225210365005086,-0.152694662943492,0.00801240578917507,0.0225210365005086,1
Orthogonal_O06_P28_T120_f020,alpha_p99,0.324439115990728,0.324439115990728,5.55111512312578e-17,1.71098824079043e-16,5.13380293822393e-17,2.77555756156289e-16,1
Orthogonal_O06_P28_T120_f020,Df_p99,0.146766818261798,0.0735132498106985,-0.0732535684510997,-0.499115326738447,0.0242972836773426,0.0732535684510997,1
Orthogonal_O06_P28_T120_f020,Df_max,0.693138298203369,0.346568088475335,-0.346570209728033,-0.500001530179983,0.114614398277187,0.346570209728033,1
Orthogonal_O06_P28_T120_f020,screening_index,0.324439115990728,0.324439115990728,5.55111512312578e-17,1.71098824079043e-16,5.13380293822393e-17,2.77555756156289e-16,1
Orthogonal_O06_P28_T120_f020,LFrac,0,0,0,0,0,0,1
Orthogonal_O06_P28_T120_f020,leakage_Q,6.05716037942848e-17,9.15182361867317e-19,-5.96564214324175e-17,-0.98489090094138,6.56186730863894e-18,5.96564214324175e-17,1
Orthogonal_O06_P28_T120_f020,leakage_Q_poiseuille,4.83007776502025e-14,1.92901172912209e-14,-2.90106603589815e-14,-0.600625119725374,5.63264246586504e-15,2.90106603589815e-14,1
Orthogonal_O07_P35_T080_f100,CL_avg,0.650000000000039,0.649999999881377,-1.18662191184171e-10,-1.82557217206406e-10,0.0628623501085142,0.257674068445087,1
Orthogonal_O07_P35_T080_f100,CL_max,0.650000000000005,0.64999999999867,-1.33537625401914e-12,-2.05442500618327e-12,0.00238377798193525,0.00841518885078163,1
Orthogonal_O07_P35_T080_f100,phi_p99,0.31858005348689,0.204429881581729,-0.114150171905161,-0.35830922449719,0.0466252282822736,0.115829742004355,1
Orthogonal_O07_P35_T080_f100,alpha_p99,0.0994201270054316,0.0994201270054317,9.71445146547012e-17,9.77111150234136e-16,2.03918067725066e-17,1.2490009027033e-16,1
Orthogonal_O07_P35_T080_f100,Df_p99,1,0.563926517029848,-0.436073482970152,-0.436073482970152,0.176465781489041,0.486230074314387,1
Orthogonal_O07_P35_T080_f100,Df_max,1,1,0,0,0.142504115911431,0.496223481539773,1
Orthogonal_O07_P35_T080_f100,screening_index,1,0.563926517029848,-0.436073482970152,-0.436073482970152,0.176246347976296,0.486230074314387,1
Orthogonal_O07_P35_T080_f100,LFrac,0,0,0,0,0,0,1
Orthogonal_O07_P35_T080_f100,leakage_Q,1.3306332109424e-08,1.51562541519322e-10,-1.31547695679047e-08,-0.98860974307022,2.23321594901934e-09,1.31547695679047e-08,1
Orthogonal_O07_P35_T080_f100,leakage_Q_poiseuille,6.65416691723403e-12,3.62652231623027e-13,-6.29151468561101e-12,-0.945499979766998,1.15495181252359e-12,6.29151468561101e-12,1
Orthogonal_O08_P35_T100_f020,CL_avg,0.64999990047296,0.649982994814098,-1.69056588615879e-05,-2.60087099233197e-05,0.028124116780557,0.0985853909918148,1
Orthogonal_O08_P35_T100_f020,CL_max,0.649999998945043,0.649999824053654,-1.74891388815546e-07,-2.69063675537533e-07,0.000956539980382207,0.00425685191846803,1
Orthogonal_O08_P35_T100_f020,phi_p99,0.147075143771315,0.112598240364067,-0.0344769034072475,-0.234416928130665,0.0123847024937959,0.0344769034072475,1
Orthogonal_O08_P35_T100_f020,alpha_p99,0.18100436655756,0.18100436655756,1.11022302462516e-16,6.1336808925662e-16,5.41944938641421e-17,2.4980018054066e-16,1
Orthogonal_O08_P35_T100_f020,Df_p99,0.228855398310603,0.115174765445308,-0.113680632865295,-0.49673564051571,0.0379427111761262,0.113680632865295,1
Orthogonal_O08_P35_T100_f020,Df_max,0.693170745869273,0.346583710245561,-0.346587035623711,-0.500002398671734,0.11462337111679,0.346587035623711,1
Orthogonal_O08_P35_T100_f020,screening_index,0.228855398310603,0.18100436655756,-0.0478510317530426,-0.209088499140838,0.00905936179129262,0.0478510317530426,1
Orthogonal_O08_P35_T100_f020,LFrac,0,0,0,0,0,0,1
Orthogonal_O08_P35_T100_f020,leakage_Q,6.21254398474581e-13,8.91798439939674e-15,-6.12336414075185e-13,-0.985645197166742,9.23658451284587e-14,6.12336414075185e-13,1
Orthogonal_O08_P35_T100_f020,leakage_Q_poiseuille,5.70463781866571e-14,1.23226474586344e-14,-4.47237307280226e-14,-0.783988960380369,8.44193368060276e-15,4.47237307280226e-14,1
Orthogonal_O09_P35_T120_f050,CL_avg,0.650000000000039,0.649999999999765,-2.74003042477489e-13,-4.21543142273034e-13,0.0240463919353172,0.0982694863502537,1
Orthogonal_O09_P35_T120_f050,CL_max,0.650000000000002,0.649999999999997,-4.32986979603811e-15,-6.66133814775092e-15,0.00140236875215021,0.00570342051250761,1
Orthogonal_O09_P35_T120_f050,phi_p99,0.282612008722402,0.220565109258331,-0.0620468994640708,-0.219547993535607,0.0232443643421011,0.0620468994640708,1
Orthogonal_O09_P35_T120_f050,alpha_p99,0.324439115990728,0.324439115990728,0,0,8.10229518009636e-17,4.44089209850063e-16,1
Orthogonal_O09_P35_T120_f050,Df_p99,0.558463218828917,0.283361128791575,-0.275102090037342,-0.492605566064357,0.0924019868042213,0.275102090037342,1
Orthogonal_O09_P35_T120_f050,Df_max,1,0.866459275613905,-0.133540724386095,-0.133540724386095,0.177524262166039,0.499267589059281,1
Orthogonal_O09_P35_T120_f050,screening_index,0.558463218828917,0.324439115990728,-0.234024102838189,-0.419050162925558,0.058180980830529,0.234024102838189,1
Orthogonal_O09_P35_T120_f050,LFrac,0,0,0,0,0,0,1
Orthogonal_O09_P35_T120_f050,leakage_Q,4.9157981985825e-10,8.06766345733099e-12,-4.83512156400919e-10,-0.983588294044175,7.61965789007455e-11,4.83512156400919e-10,1
Orthogonal_O09_P35_T120_f050,leakage_Q_poiseuille,3.34378767221657e-12,7.50938641737161e-13,-2.5928490304794e-12,-0.77542274948356,5.34075963097128e-13,2.5928490304794e-12,1
