Case,Branch,Activation,Cycles,D_numeric,D_exact,Error
uncapped_base_below_threshold,uncapped,0,0,0,0,0
uncapped_base_below_threshold,uncapped,0,1000,0.00119118480725624,0.00119118480725624,0
uncapped_base_below_threshold,uncapped,0,2000,0.00238236961451247,0.00238236961451247,0
uncapped_base_below_threshold,uncapped,0,3000,0.00357355442176871,0.00357355442176871,0
uncapped_base_below_threshold,uncapped,0,4000,0.00476473922902494,0.00476473922902494,0
uncapped_base_below_threshold,uncapped,0,5000,0.00595592403628118,0.00595592403628118,0
uncapped_base_below_threshold,uncapped,0,6000,0.00714710884353741,0.00714710884353741,-8.67361737988404e-19
uncapped_base_below_threshold,uncapped,0,7000,0.00833829365079365,0.00833829365079365,0
uncapped_base_below_threshold,uncapped,0,8000,0.00952947845804989,0.00952947845804989,0
uncapped_base_below_threshold,uncapped,0,9000,0.0107206632653061,0.0107206632653061,0
uncapped_base_below_threshold,uncapped,0,10000,0.0119118480725624,0.0119118480725624,0
uncapped_base_below_threshold,uncapped,0,11000,0.0131030328798186,0.0131030328798186,0
uncapped_base_below_threshold,uncapped,0,12000,0.0142942176870748,0.0142942176870748,-1.73472347597681e-18
uncapped_base_below_threshold,uncapped,0,13000,0.0154854024943311,0.0154854024943311,-1.73472347597681e-18
uncapped_base_below_threshold,uncapped,0,14000,0.0166765873015873,0.0166765873015873,0
uncapped_base_below_threshold,uncapped,0,15000,0.0178677721088435,0.0178677721088435,0
uncapped_base_below_threshold,uncapped,0,16000,0.0190589569160998,0.0190589569160998,0
uncapped_base_below_threshold,uncapped,0,17000,0.020250141723356,0.020250141723356,0
uncapped_base_below_threshold,uncapped,0,18000,0.0214413265306122,0.0214413265306122,0
uncapped_base_below_threshold,uncapped,0,19000,0.0226325113378685,0.0226325113378685,0
uncapped_base_below_threshold,uncapped,0,20000,0.0238236961451247,0.0238236961451247,0
uncapped_base_below_threshold,uncapped,0,21000,0.0250148809523809,0.0250148809523809,0
uncapped_base_below_threshold,uncapped,0,22000,0.0262060657596372,0.0262060657596372,0
uncapped_base_below_threshold,uncapped,0,23000,0.0273972505668934,0.0273972505668934,-3.46944695195361e-18
uncapped_base_below_threshold,uncapped,0,24000,0.0285884353741497,0.0285884353741497,-3.46944695195361e-18
uncapped_base_below_threshold,uncapped,0,25000,0.0297796201814059,0.0297796201814059,-3.46944695195361e-18
uncapped_base_below_threshold,uncapped,0,26000,0.0309708049886621,0.0309708049886621,-3.46944695195361e-18
uncapped_base_below_threshold,uncapped,0,27000,0.0321619897959184,0.0321619897959184,0
uncapped_base_below_threshold,uncapped,0,28000,0.0333531746031746,0.0333531746031746,0
uncapped_base_below_threshold,uncapped,0,29000,0.0345443594104308,0.0345443594104308,6.93889390390723e-18
uncapped_base_below_threshold,uncapped,0,30000,0.0357355442176871,0.0357355442176871,6.93889390390723e-18
uncapped_base_below_threshold,uncapped,0,31000,0.0369267290249433,0.0369267290249433,6.93889390390723e-18
uncapped_base_below_threshold,uncapped,0,32000,0.0381179138321996,0.0381179138321995,1.38777878078145e-17
uncapped_base_below_threshold,uncapped,0,33000,0.0393090986394558,0.0393090986394558,1.38777878078145e-17
uncapped_base_below_threshold,uncapped,0,34000,0.040500283446712,0.040500283446712,2.08166817117217e-17
uncapped_base_below_threshold,uncapped,0,35000,0.0416914682539683,0.0416914682539683,2.08166817117217e-17
uncapped_base_below_threshold,uncapped,0,36000,0.0428826530612245,0.0428826530612245,2.77555756156289e-17
uncapped_base_below_threshold,uncapped,0,37000,0.0440738378684808,0.0440738378684807,2.77555756156289e-17
uncapped_base_below_threshold,uncapped,0,38000,0.045265022675737,0.045265022675737,3.46944695195361e-17
uncapped_base_below_threshold,uncapped,0,39000,0.0464562074829932,0.0464562074829932,3.46944695195361e-17
uncapped_base_below_threshold,uncapped,0,40000,0.0476473922902495,0.0476473922902494,4.16333634234434e-17
uncapped_base_below_threshold,uncapped,0,41000,0.0488385770975057,0.0488385770975057,4.16333634234434e-17
uncapped_base_below_threshold,uncapped,0,42000,0.0500297619047619,0.0500297619047619,4.85722573273506e-17
uncapped_base_below_threshold,uncapped,0,43000,0.0512209467120182,0.0512209467120181,4.85722573273506e-17
uncapped_base_below_threshold,uncapped,0,44000,0.0524121315192744,0.0524121315192744,5.55111512312578e-17
uncapped_base_below_threshold,uncapped,0,45000,0.0536033163265307,0.0536033163265306,5.55111512312578e-17
uncapped_base_below_threshold,uncapped,0,46000,0.0547945011337869,0.0547945011337868,5.55111512312578e-17
uncapped_base_below_threshold,uncapped,0,47000,0.0559856859410431,0.0559856859410431,6.24500451351651e-17
uncapped_base_below_threshold,uncapped,0,48000,0.0571768707482994,0.0571768707482993,6.24500451351651e-17
uncapped_base_below_threshold,uncapped,0,49000,0.0583680555555556,0.0583680555555555,6.93889390390723e-17
uncapped_base_below_threshold,uncapped,0,50000,0.0595592403628119,0.0595592403628118,6.93889390390723e-17
uncapped_base_below_threshold,uncapped,0,51000,0.0607504251700681,0.060750425170068,7.63278329429795e-17
uncapped_base_below_threshold,uncapped,0,52000,0.0619416099773243,0.0619416099773243,7.63278329429795e-17
uncapped_base_below_threshold,uncapped,0,53000,0.0631327947845806,0.0631327947845805,8.32667268468867e-17
uncapped_base_below_threshold,uncapped,0,54000,0.0643239795918368,0.0643239795918367,8.32667268468867e-17
uncapped_base_below_threshold,uncapped,0,55000,0.065515164399093,0.065515164399093,6.93889390390723e-17
uncapped_base_below_threshold,uncapped,0,56000,0.0667063492063493,0.0667063492063492,6.93889390390723e-17
uncapped_base_below_threshold,uncapped,0,57000,0.0678975340136055,0.0678975340136054,6.93889390390723e-17
uncapped_base_below_threshold,uncapped,0,58000,0.0690887188208617,0.0690887188208617,6.93889390390723e-17
uncapped_base_below_threshold,uncapped,0,59000,0.070279903628118,0.0702799036281179,5.55111512312578e-17
uncapped_base_below_threshold,uncapped,0,60000,0.0714710884353742,0.0714710884353741,5.55111512312578e-17
uncapped_base_below_threshold,uncapped,0,61000,0.0726622732426304,0.0726622732426304,5.55111512312578e-17
uncapped_base_below_threshold,uncapped,0,62000,0.0738534580498867,0.0738534580498866,4.16333634234434e-17
uncapped_base_below_threshold,uncapped,0,63000,0.0750446428571429,0.0750446428571429,4.16333634234434e-17
uncapped_base_below_threshold,uncapped,0,64000,0.0762358276643991,0.0762358276643991,4.16333634234434e-17
uncapped_base_below_threshold,uncapped,0,65000,0.0774270124716554,0.0774270124716553,4.16333634234434e-17
uncapped_base_below_threshold,uncapped,0,66000,0.0786181972789116,0.0786181972789116,2.77555756156289e-17
uncapped_base_below_threshold,uncapped,0,67000,0.0798093820861678,0.0798093820861678,2.77555756156289e-17
uncapped_base_below_threshold,uncapped,0,68000,0.0810005668934241,0.081000566893424,2.77555756156289e-17
uncapped_base_below_threshold,uncapped,0,69000,0.0821917517006803,0.0821917517006803,2.77555756156289e-17
uncapped_base_below_threshold,uncapped,0,70000,0.0833829365079365,0.0833829365079365,1.38777878078145e-17
uncapped_base_below_threshold,uncapped,0,71000,0.0845741213151927,0.0845741213151927,1.38777878078145e-17
uncapped_base_below_threshold,uncapped,0,72000,0.085765306122449,0.085765306122449,1.38777878078145e-17
uncapped_base_below_threshold,uncapped,0,73000,0.0869564909297052,0.0869564909297052,1.38777878078145e-17
uncapped_base_below_threshold,uncapped,0,74000,0.0881476757369614,0.0881476757369614,0
uncapped_base_below_threshold,uncapped,0,75000,0.0893388605442177,0.0893388605442177,0
uncapped_base_below_threshold,uncapped,0,76000,0.0905300453514739,0.0905300453514739,0
uncapped_base_below_threshold,uncapped,0,77000,0.0917212301587301,0.0917212301587302,-1.38777878078145e-17
uncapped_base_below_threshold,uncapped,0,78000,0.0929124149659864,0.0929124149659864,-1.38777878078145e-17
uncapped_base_below_threshold,uncapped,0,79000,0.0941035997732426,0.0941035997732426,-1.38777878078145e-17
uncapped_base_below_threshold,uncapped,0,80000,0.0952947845804988,0.0952947845804989,-1.38777878078145e-17
uncapped_base_below_threshold,uncapped,0,81000,0.0964859693877551,0.0964859693877551,-2.77555756156289e-17
uncapped_base_below_threshold,uncapped,0,82000,0.0976771541950113,0.0976771541950113,-2.77555756156289e-17
uncapped_base_below_threshold,uncapped,0,83000,0.0988683390022675,0.0988683390022676,-2.77555756156289e-17
uncapped_base_below_threshold,uncapped,0,84000,0.100059523809524,0.100059523809524,-2.77555756156289e-17
uncapped_base_below_threshold,uncapped,0,85000,0.10125070861678,0.10125070861678,-4.16333634234434e-17
uncapped_base_below_threshold,uncapped,0,86000,0.102441893424036,0.102441893424036,-4.16333634234434e-17
uncapped_base_below_threshold,uncapped,0,87000,0.103633078231292,0.103633078231293,-4.16333634234434e-17
uncapped_base_below_threshold,uncapped,0,88000,0.104824263038549,0.104824263038549,-4.16333634234434e-17
uncapped_base_below_threshold,uncapped,0,89000,0.106015447845805,0.106015447845805,-5.55111512312578e-17
uncapped_base_below_threshold,uncapped,0,90000,0.107206632653061,0.107206632653061,-5.55111512312578e-17
uncapped_base_below_threshold,uncapped,0,91000,0.108397817460317,0.108397817460317,-5.55111512312578e-17
uncapped_base_below_threshold,uncapped,0,92000,0.109589002267574,0.109589002267574,-6.93889390390723e-17
uncapped_base_below_threshold,uncapped,0,93000,0.11078018707483,0.11078018707483,-6.93889390390723e-17
uncapped_base_below_threshold,uncapped,0,94000,0.111971371882086,0.111971371882086,-6.93889390390723e-17
uncapped_base_below_threshold,uncapped,0,95000,0.113162556689342,0.113162556689342,-6.93889390390723e-17
uncapped_base_below_threshold,uncapped,0,96000,0.114353741496599,0.114353741496599,-8.32667268468867e-17
uncapped_base_below_threshold,uncapped,0,97000,0.115544926303855,0.115544926303855,-8.32667268468867e-17
uncapped_base_below_threshold,uncapped,0,98000,0.116736111111111,0.116736111111111,-8.32667268468867e-17
uncapped_base_below_threshold,uncapped,0,99000,0.117927295918367,0.117927295918367,-8.32667268468867e-17
uncapped_base_below_threshold,uncapped,0,100000,0.119118480725623,0.119118480725624,-9.71445146547012e-17
uncapped_base_below_threshold,uncapped,0,101000,0.12030966553288,0.12030966553288,-9.71445146547012e-17
uncapped_base_below_threshold,uncapped,0,102000,0.121500850340136,0.121500850340136,-9.71445146547012e-17
uncapped_base_below_threshold,uncapped,0,103000,0.122692035147392,0.122692035147392,-9.71445146547012e-17
uncapped_base_below_threshold,uncapped,0,104000,0.123883219954648,0.123883219954649,-1.11022302462516e-16
uncapped_base_below_threshold,uncapped,0,105000,0.125074404761905,0.125074404761905,-1.11022302462516e-16
uncapped_base_below_threshold,uncapped,0,106000,0.126265589569161,0.126265589569161,-8.32667268468867e-17
uncapped_base_below_threshold,uncapped,0,107000,0.127456774376417,0.127456774376417,-8.32667268468867e-17
uncapped_base_below_threshold,uncapped,0,108000,0.128647959183673,0.128647959183673,-5.55111512312578e-17
uncapped_base_below_threshold,uncapped,0,109000,0.12983914399093,0.12983914399093,-5.55111512312578e-17
uncapped_base_below_threshold,uncapped,0,110000,0.131030328798186,0.131030328798186,-5.55111512312578e-17
uncapped_base_below_threshold,uncapped,0,111000,0.132221513605442,0.132221513605442,-2.77555756156289e-17
uncapped_base_below_threshold,uncapped,0,112000,0.133412698412698,0.133412698412698,-2.77555756156289e-17
uncapped_base_below_threshold,uncapped,0,113000,0.134603883219955,0.134603883219955,-2.77555756156289e-17
uncapped_base_below_threshold,uncapped,0,114000,0.135795068027211,0.135795068027211,0
uncapped_base_below_threshold,uncapped,0,115000,0.136986252834467,0.136986252834467,0
uncapped_base_below_threshold,uncapped,0,116000,0.138177437641723,0.138177437641723,2.77555756156289e-17
uncapped_base_below_threshold,uncapped,0,117000,0.13936862244898,0.13936862244898,2.77555756156289e-17
uncapped_base_below_threshold,uncapped,0,118000,0.140559807256236,0.140559807256236,2.77555756156289e-17
uncapped_base_below_threshold,uncapped,0,119000,0.141750992063492,0.141750992063492,5.55111512312578e-17
uncapped_base_below_threshold,uncapped,0,120000,0.142942176870748,0.142942176870748,5.55111512312578e-17
uncapped_active_low_amplitude,uncapped,1,0,0,0,0
uncapped_active_low_amplitude,uncapped,1,1000,0.00313985928938698,0.00313985928938698,0
uncapped_active_low_amplitude,uncapped,1,2000,0.00627971857877395,0.00627971857877395,0
uncapped_active_low_amplitude,uncapped,1,3000,0.00941957786816093,0.00941957786816093,0
uncapped_active_low_amplitude,uncapped,1,4000,0.0125594371575479,0.0125594371575479,0
uncapped_active_low_amplitude,uncapped,1,5000,0.0156992964469349,0.0156992964469349,0
uncapped_active_low_amplitude,uncapped,1,6000,0.0188391557363219,0.0188391557363219,3.46944695195361e-18
uncapped_active_low_amplitude,uncapped,1,7000,0.0219790150257088,0.0219790150257088,3.46944695195361e-18
uncapped_active_low_amplitude,uncapped,1,8000,0.0251188743150958,0.0251188743150958,3.46944695195361e-18
uncapped_active_low_amplitude,uncapped,1,9000,0.0282587336044828,0.0282587336044828,6.93889390390723e-18
uncapped_active_low_amplitude,uncapped,1,10000,0.0313985928938698,0.0313985928938698,0
uncapped_active_low_amplitude,uncapped,1,11000,0.0345384521832567,0.0345384521832567,0
uncapped_active_low_amplitude,uncapped,1,12000,0.0376783114726437,0.0376783114726437,0
uncapped_active_low_amplitude,uncapped,1,13000,0.0408181707620307,0.0408181707620307,-6.93889390390723e-18
uncapped_active_low_amplitude,uncapped,1,14000,0.0439580300514177,0.0439580300514177,-6.93889390390723e-18
uncapped_active_low_amplitude,uncapped,1,15000,0.0470978893408046,0.0470978893408047,-6.93889390390723e-18
uncapped_active_low_amplitude,uncapped,1,16000,0.0502377486301916,0.0502377486301916,-1.38777878078145e-17
uncapped_active_low_amplitude,uncapped,1,17000,0.0533776079195786,0.0533776079195786,-1.38777878078145e-17
uncapped_active_low_amplitude,uncapped,1,18000,0.0565174672089656,0.0565174672089656,-1.38777878078145e-17
uncapped_active_low_amplitude,uncapped,1,19000,0.0596573264983525,0.0596573264983526,-2.08166817117217e-17
uncapped_active_low_amplitude,uncapped,1,20000,0.0627971857877395,0.0627971857877395,-2.77555756156289e-17
uncapped_active_low_amplitude,uncapped,1,21000,0.0659370450771265,0.0659370450771265,-1.38777878078145e-17
uncapped_active_low_amplitude,uncapped,1,22000,0.0690769043665135,0.0690769043665135,-1.38777878078145e-17
uncapped_active_low_amplitude,uncapped,1,23000,0.0722167636559005,0.0722167636559005,-1.38777878078145e-17
uncapped_active_low_amplitude,uncapped,1,24000,0.0753566229452874,0.0753566229452874,0
uncapped_active_low_amplitude,uncapped,1,25000,0.0784964822346744,0.0784964822346744,0
uncapped_active_low_amplitude,uncapped,1,26000,0.0816363415240614,0.0816363415240614,0
uncapped_active_low_amplitude,uncapped,1,27000,0.0847762008134484,0.0847762008134484,1.38777878078145e-17
uncapped_active_low_amplitude,uncapped,1,28000,0.0879160601028354,0.0879160601028354,1.38777878078145e-17
uncapped_active_low_amplitude,uncapped,1,29000,0.0910559193922224,0.0910559193922223,1.38777878078145e-17
uncapped_active_low_amplitude,uncapped,1,30000,0.0941957786816093,0.0941957786816093,2.77555756156289e-17
uncapped_active_low_amplitude,uncapped,1,31000,0.0973356379709963,0.0973356379709963,2.77555756156289e-17
uncapped_active_low_amplitude,uncapped,1,32000,0.100475497260383,0.100475497260383,2.77555756156289e-17
uncapped_active_low_amplitude,uncapped,1,33000,0.10361535654977,0.10361535654977,4.16333634234434e-17
uncapped_active_low_amplitude,uncapped,1,34000,0.106755215839157,0.106755215839157,4.16333634234434e-17
uncapped_active_low_amplitude,uncapped,1,35000,0.109895075128544,0.109895075128544,4.16333634234434e-17
uncapped_active_low_amplitude,uncapped,1,36000,0.113034934417931,0.113034934417931,5.55111512312578e-17
uncapped_active_low_amplitude,uncapped,1,37000,0.116174793707318,0.116174793707318,5.55111512312578e-17
uncapped_active_low_amplitude,uncapped,1,38000,0.119314652996705,0.119314652996705,5.55111512312578e-17
uncapped_active_low_amplitude,uncapped,1,39000,0.122454512286092,0.122454512286092,6.93889390390723e-17
uncapped_active_low_amplitude,uncapped,1,40000,0.125594371575479,0.125594371575479,5.55111512312578e-17
uncapped_active_low_amplitude,uncapped,1,41000,0.128734230864866,0.128734230864866,8.32667268468867e-17
uncapped_active_low_amplitude,uncapped,1,42000,0.131874090154253,0.131874090154253,8.32667268468867e-17
uncapped_active_low_amplitude,uncapped,1,43000,0.13501394944364,0.13501394944364,8.32667268468867e-17
uncapped_active_low_amplitude,uncapped,1,44000,0.138153808733027,0.138153808733027,8.32667268468867e-17
uncapped_active_low_amplitude,uncapped,1,45000,0.141293668022414,0.141293668022414,8.32667268468867e-17
uncapped_active_low_amplitude,uncapped,1,46000,0.144433527311801,0.144433527311801,8.32667268468867e-17
uncapped_active_low_amplitude,uncapped,1,47000,0.147573386601188,0.147573386601188,1.11022302462516e-16
uncapped_active_low_amplitude,uncapped,1,48000,0.150713245890575,0.150713245890575,1.11022302462516e-16
uncapped_active_low_amplitude,uncapped,1,49000,0.153853105179962,0.153853105179962,1.11022302462516e-16
uncapped_active_low_amplitude,uncapped,1,50000,0.156992964469349,0.156992964469349,1.11022302462516e-16
uncapped_active_low_amplitude,uncapped,1,51000,0.160132823758736,0.160132823758736,1.11022302462516e-16
uncapped_active_low_amplitude,uncapped,1,52000,0.163272683048123,0.163272683048123,1.11022302462516e-16
uncapped_active_low_amplitude,uncapped,1,53000,0.16641254233751,0.16641254233751,1.38777878078145e-16
uncapped_active_low_amplitude,uncapped,1,54000,0.169552401626897,0.169552401626897,1.38777878078145e-16
uncapped_active_low_amplitude,uncapped,1,55000,0.172692260916284,0.172692260916284,1.38777878078145e-16
uncapped_active_low_amplitude,uncapped,1,56000,0.175832120205671,0.175832120205671,1.38777878078145e-16
uncapped_active_low_amplitude,uncapped,1,57000,0.178971979495058,0.178971979495058,1.38777878078145e-16
uncapped_active_low_amplitude,uncapped,1,58000,0.182111838784445,0.182111838784445,1.38777878078145e-16
uncapped_active_low_amplitude,uncapped,1,59000,0.185251698073832,0.185251698073832,1.38777878078145e-16
uncapped_active_low_amplitude,uncapped,1,60000,0.188391557363219,0.188391557363219,1.66533453693773e-16
uncapped_active_low_amplitude,uncapped,1,61000,0.191531416652606,0.191531416652606,1.66533453693773e-16
uncapped_active_low_amplitude,uncapped,1,62000,0.194671275941993,0.194671275941993,1.66533453693773e-16
uncapped_active_low_amplitude,uncapped,1,63000,0.19781113523138,0.19781113523138,1.66533453693773e-16
uncapped_active_low_amplitude,uncapped,1,64000,0.200950994520767,0.200950994520767,1.66533453693773e-16
uncapped_active_low_amplitude,uncapped,1,65000,0.204090853810154,0.204090853810154,1.66533453693773e-16
uncapped_active_low_amplitude,uncapped,1,66000,0.207230713099541,0.20723071309954,1.94289029309402e-16
uncapped_active_low_amplitude,uncapped,1,67000,0.210370572388928,0.210370572388927,1.94289029309402e-16
uncapped_active_low_amplitude,uncapped,1,68000,0.213510431678315,0.213510431678314,1.94289029309402e-16
uncapped_active_low_amplitude,uncapped,1,69000,0.216650290967702,0.216650290967701,1.94289029309402e-16
uncapped_active_low_amplitude,uncapped,1,70000,0.219790150257089,0.219790150257088,1.94289029309402e-16
uncapped_active_low_amplitude,uncapped,1,71000,0.222930009546476,0.222930009546475,1.94289029309402e-16
uncapped_active_low_amplitude,uncapped,1,72000,0.226069868835863,0.226069868835862,2.22044604925031e-16
uncapped_active_low_amplitude,uncapped,1,73000,0.22920972812525,0.229209728125249,2.22044604925031e-16
uncapped_active_low_amplitude,uncapped,1,74000,0.232349587414637,0.232349587414636,2.22044604925031e-16
uncapped_active_low_amplitude,uncapped,1,75000,0.235489446704023,0.235489446704023,2.22044604925031e-16
uncapped_active_low_amplitude,uncapped,1,76000,0.23862930599341,0.23862930599341,2.22044604925031e-16
uncapped_active_low_amplitude,uncapped,1,77000,0.241769165282797,0.241769165282797,2.22044604925031e-16
uncapped_active_low_amplitude,uncapped,1,78000,0.244909024572184,0.244909024572184,2.4980018054066e-16
uncapped_active_low_amplitude,uncapped,1,79000,0.248048883861571,0.248048883861571,2.4980018054066e-16
uncapped_active_low_amplitude,uncapped,1,80000,0.251188743150958,0.251188743150958,2.22044604925031e-16
uncapped_active_low_amplitude,uncapped,1,81000,0.254328602440345,0.254328602440345,2.77555756156289e-16
uncapped_active_low_amplitude,uncapped,1,82000,0.257468461729732,0.257468461729732,2.77555756156289e-16
uncapped_active_low_amplitude,uncapped,1,83000,0.260608321019119,0.260608321019119,2.77555756156289e-16
uncapped_active_low_amplitude,uncapped,1,84000,0.263748180308506,0.263748180308506,2.77555756156289e-16
uncapped_active_low_amplitude,uncapped,1,85000,0.266888039597893,0.266888039597893,2.77555756156289e-16
uncapped_active_low_amplitude,uncapped,1,86000,0.27002789888728,0.27002789888728,2.77555756156289e-16
uncapped_active_low_amplitude,uncapped,1,87000,0.273167758176667,0.273167758176667,2.77555756156289e-16
uncapped_active_low_amplitude,uncapped,1,88000,0.276307617466054,0.276307617466054,2.77555756156289e-16
uncapped_active_low_amplitude,uncapped,1,89000,0.279447476755441,0.279447476755441,2.77555756156289e-16
uncapped_active_low_amplitude,uncapped,1,90000,0.282587336044828,0.282587336044828,2.77555756156289e-16
uncapped_active_low_amplitude,uncapped,1,91000,0.285727195334215,0.285727195334215,2.77555756156289e-16
uncapped_active_low_amplitude,uncapped,1,92000,0.288867054623602,0.288867054623602,2.77555756156289e-16
uncapped_active_low_amplitude,uncapped,1,93000,0.292006913912989,0.292006913912989,2.77555756156289e-16
uncapped_active_low_amplitude,uncapped,1,94000,0.295146773202376,0.295146773202376,3.33066907387547e-16
uncapped_active_low_amplitude,uncapped,1,95000,0.298286632491763,0.298286632491763,3.33066907387547e-16
uncapped_active_low_amplitude,uncapped,1,96000,0.30142649178115,0.30142649178115,3.33066907387547e-16
uncapped_active_low_amplitude,uncapped,1,97000,0.304566351070537,0.304566351070537,3.33066907387547e-16
uncapped_active_low_amplitude,uncapped,1,98000,0.307706210359924,0.307706210359924,3.33066907387547e-16
uncapped_active_low_amplitude,uncapped,1,99000,0.310846069649311,0.310846069649311,3.33066907387547e-16
uncapped_active_low_amplitude,uncapped,1,100000,0.313985928938698,0.313985928938698,3.33066907387547e-16
uncapped_active_low_amplitude,uncapped,1,101000,0.317125788228085,0.317125788228085,3.33066907387547e-16
uncapped_active_low_amplitude,uncapped,1,102000,0.320265647517472,0.320265647517472,3.33066907387547e-16
uncapped_active_low_amplitude,uncapped,1,103000,0.323405506806859,0.323405506806859,3.33066907387547e-16
uncapped_active_low_amplitude,uncapped,1,104000,0.326545366096246,0.326545366096246,3.33066907387547e-16
uncapped_active_low_amplitude,uncapped,1,105000,0.329685225385633,0.329685225385633,3.33066907387547e-16
uncapped_active_low_amplitude,uncapped,1,106000,0.33282508467502,0.33282508467502,3.88578058618805e-16
uncapped_active_low_amplitude,uncapped,1,107000,0.335964943964407,0.335964943964407,3.88578058618805e-16
uncapped_active_low_amplitude,uncapped,1,108000,0.339104803253794,0.339104803253793,3.88578058618805e-16
uncapped_active_low_amplitude,uncapped,1,109000,0.342244662543181,0.34224466254318,3.88578058618805e-16
uncapped_active_low_amplitude,uncapped,1,110000,0.345384521832568,0.345384521832567,3.88578058618805e-16
uncapped_active_low_amplitude,uncapped,1,111000,0.348524381121955,0.348524381121954,3.88578058618805e-16
uncapped_active_low_amplitude,uncapped,1,112000,0.351664240411342,0.351664240411341,3.88578058618805e-16
uncapped_active_low_amplitude,uncapped,1,113000,0.354804099700729,0.354804099700728,3.88578058618805e-16
uncapped_active_low_amplitude,uncapped,1,114000,0.357943958990116,0.357943958990115,3.88578058618805e-16
uncapped_active_low_amplitude,uncapped,1,115000,0.361083818279503,0.361083818279502,3.88578058618805e-16
uncapped_active_low_amplitude,uncapped,1,116000,0.36422367756889,0.364223677568889,3.88578058618805e-16
uncapped_active_low_amplitude,uncapped,1,117000,0.367363536858277,0.367363536858276,3.88578058618805e-16
uncapped_active_low_amplitude,uncapped,1,118000,0.370503396147664,0.370503396147663,3.88578058618805e-16
uncapped_active_low_amplitude,uncapped,1,119000,0.373643255437051,0.37364325543705,4.44089209850063e-16
uncapped_active_low_amplitude,uncapped,1,120000,0.376783114726438,0.376783114726437,4.44089209850063e-16
capped_active_main_amplitude,capped,1,0,0,0,0
capped_active_main_amplitude,capped,1,1000,0.01,0.01,0
capped_active_main_amplitude,capped,1,2000,0.02,0.02,0
capped_active_main_amplitude,capped,1,3000,0.03,0.03,-3.46944695195361e-18
capped_active_main_amplitude,capped,1,4000,0.04,0.04,0
capped_active_main_amplitude,capped,1,5000,0.05,0.05,0
capped_active_main_amplitude,capped,1,6000,0.06,0.06,0
capped_active_main_amplitude,capped,1,7000,0.07,0.07,0
capped_active_main_amplitude,capped,1,8000,0.08,0.08,0
capped_active_main_amplitude,capped,1,9000,0.09,0.09,-1.38777878078145e-17
capped_active_main_amplitude,capped,1,10000,0.1,0.1,-1.38777878078145e-17
capped_active_main_amplitude,capped,1,11000,0.11,0.11,-2.77555756156289e-17
capped_active_main_amplitude,capped,1,12000,0.12,0.12,-2.77555756156289e-17
capped_active_main_amplitude,capped,1,13000,0.13,0.13,-2.77555756156289e-17
capped_active_main_amplitude,capped,1,14000,0.14,0.14,-2.77555756156289e-17
capped_active_main_amplitude,capped,1,15000,0.15,0.15,-2.77555756156289e-17
capped_active_main_amplitude,capped,1,16000,0.16,0.16,0
capped_active_main_amplitude,capped,1,17000,0.17,0.17,0
capped_active_main_amplitude,capped,1,18000,0.18,0.18,0
capped_active_main_amplitude,capped,1,19000,0.19,0.19,2.77555756156289e-17
capped_active_main_amplitude,capped,1,20000,0.2,0.2,2.77555756156289e-17
capped_active_main_amplitude,capped,1,21000,0.21,0.21,2.77555756156289e-17
capped_active_main_amplitude,capped,1,22000,0.22,0.22,2.77555756156289e-17
capped_active_main_amplitude,capped,1,23000,0.23,0.23,5.55111512312578e-17
capped_active_main_amplitude,capped,1,24000,0.24,0.24,5.55111512312578e-17
capped_active_main_amplitude,capped,1,25000,0.25,0.25,5.55111512312578e-17
capped_active_main_amplitude,capped,1,26000,0.26,0.26,5.55111512312578e-17
capped_active_main_amplitude,capped,1,27000,0.27,0.27,5.55111512312578e-17
capped_active_main_amplitude,capped,1,28000,0.28,0.28,5.55111512312578e-17
capped_active_main_amplitude,capped,1,29000,0.29,0.29,5.55111512312578e-17
capped_active_main_amplitude,capped,1,30000,0.3,0.3,5.55111512312578e-17
capped_active_main_amplitude,capped,1,31000,0.31,0.31,1.11022302462516e-16
capped_active_main_amplitude,capped,1,32000,0.32,0.32,1.11022302462516e-16
capped_active_main_amplitude,capped,1,33000,0.33,0.33,1.11022302462516e-16
capped_active_main_amplitude,capped,1,34000,0.34,0.34,1.11022302462516e-16
capped_active_main_amplitude,capped,1,35000,0.35,0.35,1.11022302462516e-16
capped_active_main_amplitude,capped,1,36000,0.36,0.36,1.11022302462516e-16
capped_active_main_amplitude,capped,1,37000,0.37,0.37,1.11022302462516e-16
capped_active_main_amplitude,capped,1,38000,0.38,0.38,1.66533453693773e-16
capped_active_main_amplitude,capped,1,39000,0.39,0.39,1.66533453693773e-16
capped_active_main_amplitude,capped,1,40000,0.4,0.4,1.66533453693773e-16
capped_active_main_amplitude,capped,1,41000,0.41,0.41,1.66533453693773e-16
capped_active_main_amplitude,capped,1,42000,0.42,0.42,1.66533453693773e-16
capped_active_main_amplitude,capped,1,43000,0.43,0.43,1.66533453693773e-16
capped_active_main_amplitude,capped,1,44000,0.44,0.44,1.66533453693773e-16
capped_active_main_amplitude,capped,1,45000,0.45,0.45,2.22044604925031e-16
capped_active_main_amplitude,capped,1,46000,0.46,0.46,2.22044604925031e-16
capped_active_main_amplitude,capped,1,47000,0.47,0.47,2.22044604925031e-16
capped_active_main_amplitude,capped,1,48000,0.48,0.48,2.22044604925031e-16
capped_active_main_amplitude,capped,1,49000,0.49,0.49,2.22044604925031e-16
capped_active_main_amplitude,capped,1,50000,0.5,0.5,2.22044604925031e-16
capped_active_main_amplitude,capped,1,51000,0.51,0.51,2.22044604925031e-16
capped_active_main_amplitude,capped,1,52000,0.52,0.52,2.22044604925031e-16
capped_active_main_amplitude,capped,1,53000,0.53,0.53,2.22044604925031e-16
capped_active_main_amplitude,capped,1,54000,0.54,0.54,2.22044604925031e-16
capped_active_main_amplitude,capped,1,55000,0.55,0.55,2.22044604925031e-16
capped_active_main_amplitude,capped,1,56000,0.56,0.56,2.22044604925031e-16
capped_active_main_amplitude,capped,1,57000,0.57,0.57,2.22044604925031e-16
capped_active_main_amplitude,capped,1,58000,0.58,0.58,2.22044604925031e-16
capped_active_main_amplitude,capped,1,59000,0.59,0.59,2.22044604925031e-16
capped_active_main_amplitude,capped,1,60000,0.6,0.6,2.22044604925031e-16
capped_active_main_amplitude,capped,1,61000,0.61,0.61,2.22044604925031e-16
capped_active_main_amplitude,capped,1,62000,0.62,0.62,3.33066907387547e-16
capped_active_main_amplitude,capped,1,63000,0.63,0.63,3.33066907387547e-16
capped_active_main_amplitude,capped,1,64000,0.64,0.64,3.33066907387547e-16
capped_active_main_amplitude,capped,1,65000,0.65,0.65,3.33066907387547e-16
capped_active_main_amplitude,capped,1,66000,0.66,0.66,3.33066907387547e-16
capped_active_main_amplitude,capped,1,67000,0.67,0.67,3.33066907387547e-16
capped_active_main_amplitude,capped,1,68000,0.68,0.68,3.33066907387547e-16
capped_active_main_amplitude,capped,1,69000,0.69,0.69,3.33066907387547e-16
capped_active_main_amplitude,capped,1,70000,0.7,0.7,3.33066907387547e-16
capped_active_main_amplitude,capped,1,71000,0.71,0.71,3.33066907387547e-16
capped_active_main_amplitude,capped,1,72000,0.72,0.72,3.33066907387547e-16
capped_active_main_amplitude,capped,1,73000,0.73,0.73,3.33066907387547e-16
capped_active_main_amplitude,capped,1,74000,0.74,0.74,3.33066907387547e-16
capped_active_main_amplitude,capped,1,75000,0.75,0.75,3.33066907387547e-16
capped_active_main_amplitude,capped,1,76000,0.76,0.76,4.44089209850063e-16
capped_active_main_amplitude,capped,1,77000,0.77,0.77,4.44089209850063e-16
capped_active_main_amplitude,capped,1,78000,0.78,0.78,4.44089209850063e-16
capped_active_main_amplitude,capped,1,79000,0.79,0.79,4.44089209850063e-16
capped_active_main_amplitude,capped,1,80000,0.8,0.8,4.44089209850063e-16
capped_active_main_amplitude,capped,1,81000,0.81,0.81,4.44089209850063e-16
capped_active_main_amplitude,capped,1,82000,0.820000000000001,0.82,4.44089209850063e-16
capped_active_main_amplitude,capped,1,83000,0.830000000000001,0.83,4.44089209850063e-16
capped_active_main_amplitude,capped,1,84000,0.840000000000001,0.84,4.44089209850063e-16
capped_active_main_amplitude,capped,1,85000,0.850000000000001,0.85,4.44089209850063e-16
capped_active_main_amplitude,capped,1,86000,0.860000000000001,0.86,4.44089209850063e-16
capped_active_main_amplitude,capped,1,87000,0.870000000000001,0.87,4.44089209850063e-16
capped_active_main_amplitude,capped,1,88000,0.880000000000001,0.88,4.44089209850063e-16
capped_active_main_amplitude,capped,1,89000,0.890000000000001,0.89,4.44089209850063e-16
capped_active_main_amplitude,capped,1,90000,0.900000000000001,0.9,5.55111512312578e-16
capped_active_main_amplitude,capped,1,91000,0.910000000000001,0.91,5.55111512312578e-16
capped_active_main_amplitude,capped,1,92000,0.920000000000001,0.92,5.55111512312578e-16
capped_active_main_amplitude,capped,1,93000,0.930000000000001,0.93,5.55111512312578e-16
capped_active_main_amplitude,capped,1,94000,0.940000000000001,0.94,5.55111512312578e-16
capped_active_main_amplitude,capped,1,95000,0.950000000000001,0.95,5.55111512312578e-16
capped_active_main_amplitude,capped,1,96000,0.960000000000001,0.96,5.55111512312578e-16
capped_active_main_amplitude,capped,1,97000,0.970000000000001,0.97,5.55111512312578e-16
capped_active_main_amplitude,capped,1,98000,0.980000000000001,0.98,5.55111512312578e-16
capped_active_main_amplitude,capped,1,99000,0.990000000000001,0.99,5.55111512312578e-16
capped_active_main_amplitude,capped,1,100000,1,1,0
capped_active_main_amplitude,capped,1,101000,1,1,0
capped_active_main_amplitude,capped,1,102000,1,1,0
capped_active_main_amplitude,capped,1,103000,1,1,0
capped_active_main_amplitude,capped,1,104000,1,1,0
capped_active_main_amplitude,capped,1,105000,1,1,0
capped_active_main_amplitude,capped,1,106000,1,1,0
capped_active_main_amplitude,capped,1,107000,1,1,0
capped_active_main_amplitude,capped,1,108000,1,1,0
capped_active_main_amplitude,capped,1,109000,1,1,0
capped_active_main_amplitude,capped,1,110000,1,1,0
capped_active_main_amplitude,capped,1,111000,1,1,0
capped_active_main_amplitude,capped,1,112000,1,1,0
capped_active_main_amplitude,capped,1,113000,1,1,0
capped_active_main_amplitude,capped,1,114000,1,1,0
capped_active_main_amplitude,capped,1,115000,1,1,0
capped_active_main_amplitude,capped,1,116000,1,1,0
capped_active_main_amplitude,capped,1,117000,1,1,0
capped_active_main_amplitude,capped,1,118000,1,1,0
capped_active_main_amplitude,capped,1,119000,1,1,0
capped_active_main_amplitude,capped,1,120000,1,1,0
