Case,Activation,Branch,Wplus_Jm3,WplusOverW0,PressureAmplitude_Pa,PressureRatio,ContactMultiplier,RawRatePerCycle,AppliedRatePerCycle,CycleJump,TotalCycles,NumericFinalD,ExactFinalD,FinalAbsError,MaxHistoryAbsError
uncapped_base_below_threshold,0,uncapped,2400000,0.04,20500000,0.976190476190476,1.25,1.19118480725624e-06,1.19118480725624e-06,1,120000,0.142942176870608,0.142942176870748,1.39971367829617e-13,2.61790589206612e-13
uncapped_base_below_threshold,0,uncapped,2400000,0.04,20500000,0.976190476190476,1.25,1.19118480725624e-06,1.19118480725624e-06,37,120000,0.142942176870738,0.142942176870748,1.00752739484733e-14,1.00752739484733e-14
uncapped_base_below_threshold,0,uncapped,2400000,0.04,20500000,0.976190476190476,1.25,1.19118480725624e-06,1.19118480725624e-06,1000,120000,0.142942176870748,0.142942176870748,5.55111512312578e-17,1.11022302462516e-16
uncapped_active_low_amplitude,1,uncapped,6000000,0.1,21000,0.001,1.25,3.13985928938698e-06,3.13985928938698e-06,1,120000,0.376783114726646,0.376783114726437,2.08888462083223e-13,4.27879953690535e-13
uncapped_active_low_amplitude,1,uncapped,6000000,0.1,21000,0.001,1.25,3.13985928938698e-06,3.13985928938698e-06,37,120000,0.376783114726409,0.376783114726437,2.83661982791727e-14,2.83661982791727e-14
uncapped_active_low_amplitude,1,uncapped,6000000,0.1,21000,0.001,1.25,3.13985928938698e-06,3.13985928938698e-06,1000,120000,0.376783114726438,0.376783114726437,4.44089209850063e-16,4.44089209850063e-16
capped_active_main_amplitude,1,capped,6000000,0.1,20500000,0.976190476190476,1.25,0.0121449041254148,1e-05,1,120000,1,1,0,1.91624494050302e-12
capped_active_main_amplitude,1,capped,6000000,0.1,20500000,0.976190476190476,1.25,0.0121449041254148,1e-05,37,120000,1,1,0,3.51940698806175e-14
capped_active_main_amplitude,1,capped,6000000,0.1,20500000,0.976190476190476,1.25,0.0121449041254148,1e-05,1000,120000,1,1,0,5.55111512312578e-16
