Case,Nx,dt_h,x_m,C_numeric,C_exact,Error,AbsError
Nx014_dt12h,14,12,0,0.65,0.65,0,0
Nx014_dt12h,14,12,0.00025,0.560150499920084,0.560412701105483,-0.00026220118539888,0.00026220118539888
Nx014_dt12h,14,12,0.0005,0.473008176740219,0.473479858593166,-0.000471681852947603,0.000471681852947603
Nx014_dt12h,14,12,0.00075,0.391035523698869,0.391623073867206,-0.000587550168337114,0.000587550168337114
Nx014_dt12h,14,12,0.001,0.316243132822823,0.316832366887902,-0.000589234065078936,0.000589234065078936
Nx014_dt12h,14,12,0.00125,0.250049521285715,0.250528939217681,-0.000479417931965875,0.000479417931965875
Nx014_dt12h,14,12,0.0015,0.193223981951527,0.193504998289202,-0.000281016337674717,0.000281016337674717
Nx014_dt12h,14,12,0.00175,0.145912751868349,0.145942348486448,-2.95966180990093e-05,2.95966180990093e-05
Nx014_dt12h,14,12,0.002,0.107734895807604,0.107498760338341,0.000236135469262488,0.000236135469262488
Nx014_dt12h,14,12,0.00225,0.0779251576696068,0.077442228442409,0.000482929227197851,0.000482929227197851
Nx014_dt12h,14,12,0.0025,0.0554979313065195,0.0548094564343434,0.000688474872176034,0.000688474872176034
Nx014_dt12h,14,12,0.00275,0.0394089341138157,0.0385661065238355,0.000842827589980159,0.000842827589980159
Nx014_dt12h,14,12,0.003,0.0286972689617737,0.0277511350664857,0.000946133895288033,0.000946133895288033
Nx014_dt12h,14,12,0.00325,0.0225978960432518,0.0215938724900097,0.00100402355324205,0.00100402355324205
Nx014_dt12h,14,12,0.0035,0.020620896810451,0.0195984030330179,0.00102249377743312,0.00102249377743312
Nx014_dt3h,14,3,0,0.65,0.65,0,0
Nx014_dt3h,14,3,0.00025,0.560756744647688,0.560412701105483,0.00034404354220452,0.00034404354220452
Nx014_dt3h,14,3,0.0005,0.47413063525564,0.473479858593166,0.000650776662473596,0.000650776662473596
Nx014_dt3h,14,3,0.00075,0.392512331061364,0.391623073867206,0.000889257194158277,0.000889257194158277
Nx014_dt3h,14,3,0.001,0.317872180842756,0.316832366887902,0.00103981395485414,0.00103981395485414
Nx014_dt3h,14,3,0.00125,0.251625382763411,0.250528939217681,0.00109644354573019,0.00109644354573019
Nx014_dt3h,14,3,0.0015,0.194571363859833,0.193504998289202,0.00106636557063131,0.00106636557063131
Nx014_dt3h,14,3,0.00175,0.14690949951473,0.145942348486448,0.000967151028282404,0.000967151028282404
Nx014_dt3h,14,3,0.002,0.108321161219688,0.107498760338341,0.000822400881347066,0.000822400881347066
Nx014_dt3h,14,3,0.00225,0.0780994029733255,0.077442228442409,0.000657174530916543,0.000657174530916543
Nx014_dt3h,14,3,0.0025,0.055303682092608,0.0548094564343434,0.000494225658264548,0.000494225658264548
Nx014_dt3h,14,3,0.00275,0.03891779482996,0.0385661065238355,0.000351688306124476,0.000351688306124476
Nx014_dt3h,14,3,0.003,0.0279934666971215,0.0277511350664857,0.000242331630635813,0.000242331630635813
Nx014_dt3h,14,3,0.00325,0.021767908887815,0.0215938724900097,0.000174036397805281,0.000174036397805281
Nx014_dt3h,14,3,0.0035,0.0197492664665964,0.0195984030330179,0.000150863433578514,0.000150863433578514
Nx014_dt0p25h,14,0.25,0,0.65,0.65,0,0
Nx014_dt0p25h,14,0.25,0.00025,0.560940005408392,0.560412701105483,0.000527304302909037,0.000527304302909037
Nx014_dt0p25h,14,0.25,0.0005,0.474470614550334,0.473479858593166,0.000990755957167577,0.000990755957167577
Nx014_dt0p25h,14,0.25,0.00075,0.392961115320979,0.391623073867206,0.00133804145377248,0.00133804145377248
Nx014_dt0p25h,14,0.25,0.001,0.318369520975677,0.316832366887902,0.00153715408777522,0.00153715408777522
Nx014_dt0p25h,14,0.25,0.00125,0.252109381660763,0.250528939217681,0.00158044244308198,0.00158044244308198
Nx014_dt0p25h,14,0.25,0.0015,0.194988352792165,0.193504998289202,0.00148335450296258,0.00148335450296258
Nx014_dt0p25h,14,0.25,0.00175,0.147221084027946,0.145942348486448,0.00127873554149843,0.00127873554149843
Nx014_dt0p25h,14,0.25,0.002,0.108507366115286,0.107498760338341,0.00100860577694462,0.00100860577694462
Nx014_dt0p25h,14,0.25,0.00225,0.0781579713413094,0.077442228442409,0.000715742898900487,0.000715742898900487
Nx014_dt0p25h,14,0.25,0.0025,0.055246536512542,0.0548094564343434,0.000437080078198544,0.000437080078198544
Nx014_dt0p25h,14,0.25,0.00275,0.0387661955740228,0.0385661065238355,0.000200089050187334,0.000200089050187334
Nx014_dt0p25h,14,0.25,0.003,0.02777340838213,0.0277511350664857,2.22733156442848e-05,2.22733156442848e-05
Nx014_dt0p25h,14,0.25,0.00325,0.0215068542923723,0.0215938724900097,-8.70181976374181e-05,8.70181976374181e-05
Nx014_dt0p25h,14,0.25,0.0035,0.0194746128347172,0.0195984030330179,-0.000123790198300725,0.000123790198300725
Nx070_dt12h,70,12,0,0.65,0.65,0,0
Nx070_dt12h,70,12,5e-05,0.631830381247319,0.631996073961147,-0.000165692713827603,0.000165692713827603
Nx070_dt12h,70,12,0.0001,0.613683499403678,0.614013846412843,-0.000330347009165566,0.000330347009165566
Nx070_dt12h,70,12,0.00015,0.595582004152263,0.596074937640737,-0.000492933488474456,0.000492933488474456
Nx070_dt12h,70,12,0.0002,0.577548371302841,0.578200811995129,-0.00065244069228787,0.00065244069228787
Nx070_dt12h,70,12,0.00025,0.559604817295325,0.560412701105483,-0.000807883810158394,0.000807883810158394
Nx070_dt12h,70,12,0.0003,0.541773215416557,0.542731528502572,-0.000958313086015572,0.000958313086015572
Nx070_dt12h,70,12,0.00035,0.524075014276371,0.525177836099233,-0.0011028218228617,0.0011028218228617
Nx070_dt12h,70,12,0.0004,0.506531159067984,0.507771712965386,-0.00124055389740163,0.00124055389740163
Nx070_dt12h,70,12,0.00045,0.489162016111975,0.490532726814088,-0.00137071070211303,0.00137071070211303
Nx070_dt12h,70,12,0.0005,0.471987301152876,0.473479858593166,-0.00149255744029053,0.00149255744029053
Nx070_dt12h,70,12,0.00055,0.455026011843123,0.456631440551734,-0.00160542870861058,0.00160542870861058
Nx070_dt12h,70,12,0.0006,0.438296364811157,0.440005098122775,-0.00170873331161764,0.00170873331161764
Nx070_dt12h,70,12,0.00065,0.421815737669334,0.423617695932393,-0.00180195826305901,0.00180195826305901
Nx070_dt12h,70,12,0.0007,0.405600616273487,0.407485288213515,-0.00188467194002756,0.00188467194002756
Nx070_dt12h,70,12,0.00075,0.389666547499968,0.391623073867206,-0.0019565263672377,0.0019565263672377
Nx070_dt12h,70,12,0.0008,0.374028097758361,0.376045356378616,-0.00201725862025565,0.00201725862025565
Nx070_dt12h,70,12,0.00085,0.358698817409324,0.360765508757322,-0.00206669134799758,0.00206669134799758
Nx070_dt12h,70,12,0.0009,0.343691211207765,0.345795943633827,-0.00210473242606213,0.00210473242606213
Nx070_dt12h,70,12,0.00095,0.329016714842266,0.331148088605632,-0.00213137376336597,0.00213137376336597
Nx070_dt12h,70,12,0.001,0.314685677592996,0.316832366887902,-0.0021466892949058,0.0021466892949058
Nx070_dt12h,70,12,0.00105,0.300707351082648,0.302858183285789,-0.00215083220314055,0.00215083220314055
Nx070_dt12h,70,12,0.0011,0.287089884048864,0.289233915468218,-0.00214403141935354,0.00214403141935354
Nx070_dt12h,70,12,0.00115,0.273840323022463,0.275966910486746,-0.00212658746428279,0.00212658746428279
Nx070_dt12h,70,12,0.0012,0.260964618754108,0.263063486448322,-0.00209886769421447,0.00209886769421447
Nx070_dt12h,70,12,0.00125,0.248467638193143,0.250528939217681,-0.00206130102453791,0.00206130102453791
Nx070_dt12h,70,12,0.0013,0.236353181786543,0.238367553993948,-0.00201437220740422,0.00201437220740422
Nx070_dt12h,70,12,0.00135,0.224624005833531,0.226582621577108,-0.00195861574357689,0.00195861574357689
Nx070_dt12h,70,12,0.0014,0.213281849602679,0.215176459113484,-0.00189460951080528,0.00189460951080528
Nx070_dt12h,70,12,0.00145,0.202327466893342,0.204150435085419,-0.0018229681920767,0.0018229681920767
Nx070_dt12h,70,12,0.0015,0.191760661702244,0.193504998289202,-0.00174433658695811,0.00174433658695811
Nx070_dt12h,70,12,0.00155,0.181580327639003,0.183239710526952,-0.00165938288794953,0.00165938288794953
Nx070_dt12h,70,12,0.0016,0.171784490721336,0.173353282722736,-0.00156879200139962,0.00156879200139962
Nx070_dt12h,70,12,0.00165,0.162370355171637,0.163843614160799,-0.00147325898916237,0.00147325898916237
Nx070_dt12h,70,12,0.0017,0.153334351831421,0.154707834534306,-0.00137348270288482,0.00137348270288482
Nx070_dt12h,70,12,0.00175,0.14467218880875,0.145942348486448,-0.00127015967769792,0.00127015967769792
Nx070_dt12h,70,12,0.0018,0.136378903975894,0.137542882322159,-0.00116397834626522,0.00116397834626522
Nx070_dt12h,70,12,0.00185,0.128448918940087,0.129504532567804,-0.00105561362771722,0.00105561362771722
Nx070_dt12h,70,12,0.0019,0.120876094118936,0.121821816058029,-0.000945721939092661,0.000945721939092661
Nx070_dt12h,70,12,0.00195,0.113653784563655,0.114488721233298,-0.000834936669643585,0.000834936669643585
Nx070_dt12h,70,12,0.002,0.106774896187494,0.107498760338341,-0.000723864150847492,0.000723864150847492
Nx070_dt12h,70,12,0.00205,0.100231942073248,0.100845022220579,-0.000613080147330733,0.000613080147330733
Nx070_dt12h,70,12,0.0021,0.0940170985521782,0.094520225438435,-0.000503126886256727,0.000503126886256727
Nx070_dt12h,70,12,0.00215,0.0881222607668127,0.0885167714019854,-0.000394510635172735,0.000394510635172735
Nx070_dt12h,70,12,0.0022,0.0825390974515156,0.0828267972824532,-0.000287699830937543,0.000287699830937543
Nx070_dt12h,70,12,0.00225,0.0772591046871385,0.077442228442409,-0.000183123755270423,0.000183123755270423
Nx070_dt12h,70,12,0.0023,0.0722736584091416,0.0723548301548795,-8.11717457379346e-05,8.11717457379346e-05
Nx070_dt12h,70,12,0.00235,0.0675740654720019,0.0675562583967073,1.78070752945986e-05,1.78070752945986e-05
Nx070_dt12h,70,12,0.0024,0.0631516130961942,0.0630381095191867,0.00011350357700754,0.00011350357700754
Nx070_dt12h,70,12,0.00245,0.0589976165472562,0.0587919686169773,0.000205647930278899,0.000205647930278899
Nx070_dt12h,70,12,0.0025,0.0551034649191682,0.0548094564343434,0.000294008484824783,0.000294008484824783
Nx070_dt12h,70,12,0.00255,0.0514606649162393,0.0510822746656885,0.000378390250550767,0.000378390250550767
Nx070_dt12h,70,12,0.0026,0.0480608825486689,0.0476022495248888,0.000458633023780138,0.000458633023780138
Nx070_dt12h,70,12,0.00265,0.0448959826767616,0.0443613734749607,0.000534609201800901,0.000534609201800901
Nx070_dt12h,70,12,0.0027,0.0419580663572208,0.0413518450258848,0.000606221331335983,0.000606221331335983
Nx070_dt12h,70,12,0.00275,0.0392395059619055,0.0385661065238356,0.000673399438069947,0.000673399438069947
Nx070_dt12h,70,12,0.0028,0.036732978054775,0.0359968798694925,0.000736098185282474,0.000736098185282474
Nx070_dt12h,70,12,0.00285,0.0344314940263794,0.0336372001164038,0.000794293909975617,0.000794293909975617
Nx070_dt12h,70,12,0.0029,0.0323284284971188,0.0314804469124659,0.000847981584652907,0.000847981584652907
Nx070_dt12h,70,12,0.00295,0.0304175455105438,0.0295203737583872,0.000897171752156572,0.000897171752156572
Nx070_dt12h,70,12,0.003,0.0286930225462052,0.0277511350664857,0.000941887479719541,0.000941887479719541
Nx070_dt12h,70,12,0.00305,0.0271494723879788,0.0261673110112878,0.000982161376691017,0.000982161376691017
Nx070_dt12h,70,12,0.0031,0.0257819628884389,0.0247639301701674,0.00101803271827148,0.00101803271827148
Nx070_dt12h,70,12,0.00315,0.0245860346727851,0.0235364899576868,0.00104954471509824,0.00104954471509824
Nx070_dt12h,70,12,0.0032,0.0235577168271185,0.0224809748614304,0.00107674196568809,0.00107674196568809
Nx070_dt12h,70,12,0.00325,0.0226935406156143,0.0215938724900097,0.00109966812560456,0.00109966812560456
Nx070_dt12h,70,12,0.0033,0.0219905512694646,0.0208721874456425,0.00111836382382218,0.00111836382382218
Nx070_dt12h,70,12,0.00335,0.0214463178874959,0.0203134530343628,0.00113286485313306,0.00113286485313306
Nx070_dt12h,70,12,0.0034,0.0210589414842434,0.0199157408266197,0.00114320065762372,0.00114320065762372
Nx070_dt12h,70,12,0.00345,0.0208270612161543,0.01967766807988,0.00114939313627435,0.00114939313627435
Nx070_dt12h,70,12,0.0035,0.0207498588106459,0.0195984030330179,0.00115145577762802,0.00115145577762802
Nx070_dt3h,70,3,0,0.65,0.65,0,0
Nx070_dt3h,70,3,5e-05,0.631958431080763,0.631996073961147,-3.76428803833262e-05,3.76428803833262e-05
Nx070_dt3h,70,3,0.0001,0.613938795058968,0.614013846412843,-7.50513538747555e-05,7.50513538747555e-05
Nx070_dt3h,70,3,0.00015,0.595962944643742,0.596074937640737,-0.000111992996995491,0.000111992996995491
Nx070_dt3h,70,3,0.0002,0.578052572664026,0.578200811995129,-0.000148239331103084,0.000148239331103084
Nx070_dt3h,70,3,0.00025,0.560229133365354,0.560412701105483,-0.000183567740129287,0.000183567740129287
Nx070_dt3h,70,3,0.0003,0.542513765179039,0.542731528502572,-0.000217763323533848,0.000217763323533848
Nx070_dt3h,70,3,0.00035,0.524927215434986,0.525177836099233,-0.000250620664246415,0.000250620664246415
Nx070_dt3h,70,3,0.0004,0.507489767472872,0.507771712965386,-0.000281945492513369,0.000281945492513369
Nx070_dt3h,70,3,0.00045,0.490221170586118,0.490532726814088,-0.000311556227970022,0.000311556227970022
Nx070_dt3h,70,3,0.0005,0.473140573209292,0.473479858593166,-0.000339285383874066,0.000339285383874066
Nx070_dt3h,70,3,0.00055,0.456266459732453,0.456631440551734,-0.000364980819280825,0.000364980819280825
Nx070_dt3h,70,3,0.0006,0.439616591295835,0.440005098122775,-0.00038850682693975,0.00038850682693975
Nx070_dt3h,70,3,0.00065,0.423207950885545,0.423617695932393,-0.000409745046848431,0.000409745046848431
Nx070_dt3h,70,3,0.0007,0.407056693015852,0.407485288213515,-0.00042859519766314,0.00042859519766314
Nx070_dt3h,70,3,0.00075,0.391178098246692,0.391623073867206,-0.000444975620514376,0.000444975620514376
Nx070_dt3h,70,3,0.0008,0.375586532746465,0.376045356378616,-0.000458823632151273,0.000458823632151273
Nx070_dt3h,70,3,0.00085,0.360295413070577,0.360765508757322,-0.000470095686744554,0.000470095686744554
Nx070_dt3h,70,3,0.0009,0.345317176285793,0.345795943633827,-0.000478767348033871,0.000478767348033871
Nx070_dt3h,70,3,0.00095,0.330663255529819,0.331148088605632,-0.000484833075812985,0.000484833075812985
Nx070_dt3h,70,3,0.001,0.316344061054939,0.316832366887902,-0.00048830583296311,0.00048830583296311
Nx070_dt3h,70,3,0.00105,0.302368966764466,0.302858183285789,-0.000489216521322666,0.000489216521322666
Nx070_dt3h,70,3,0.0011,0.288746302211595,0.289233915468218,-0.000487613256622554,0.000487613256622554
Nx070_dt3h,70,3,0.00115,0.27548334999227,0.275966910486746,-0.000483560494475732,0.000483560494475732
Nx070_dt3h,70,3,0.0012,0.262586348427354,0.263063486448322,-0.000477138020968215,0.000477138020968215
Nx070_dt3h,70,3,0.00125,0.250060499394937,0.250528939217681,-0.000468439822744193,0.000468439822744193
Nx070_dt3h,70,3,0.0013,0.237909981141352,0.238367553993948,-0.000457572852595789,0.000457572852595789
Nx070_dt3h,70,3,0.00135,0.226137965869671,0.226582621577108,-0.000444655707437125,0.000444655707437125
Nx070_dt3h,70,3,0.0014,0.214746641877308,0.215176459113484,-0.00042981723617655,0.00042981723617655
Nx070_dt3h,70,3,0.00145,0.203737239990045,0.204150435085419,-0.00041319509537413,0.00041319509537413
Nx070_dt3h,70,3,0.0015,0.193110064018497,0.193504998289202,-0.000394934270704639,0.000394934270704639
Nx070_dt3h,70,3,0.00155,0.182864524944814,0.183239710526952,-0.000375185582137977,0.000375185582137977
Nx070_dt3h,70,3,0.0016,0.172999178532337,0.173353282722736,-0.000354104190399218,0.000354104190399218
Nx070_dt3h,70,3,0.00165,0.163511766039093,0.163843614160799,-0.00033184812170664,0.00033184812170664
Nx070_dt3h,70,3,0.0017,0.154399257707291,0.154707834534306,-0.000308576827015322,0.000308576827015322
Nx070_dt3h,70,3,0.00175,0.145657898695422,0.145942348486448,-0.000284449791026126,0.000284449791026126
Nx070_dt3h,70,3,0.0018,0.137283257117066,0.137542882322159,-0.000259625205093428,0.000259625205093428
Nx070_dt3h,70,3,0.00185,0.129270273850921,0.129504532567804,-0.000234258716882763,0.000234258716882763
Nx070_dt3h,70,3,0.0019,0.121613313789807,0.121821816058029,-0.000208502268222222,0.000208502268222222
Nx070_dt3h,70,3,0.00195,0.114306218202211,0.114488721233298,-0.000182503031087938,0.000182503031087938
Nx070_dt3h,70,3,0.002,0.107342357888264,0.107498760338341,-0.000156402450077267,0.000156402450077267
Nx070_dt3h,70,3,0.00205,0.100714686822493,0.100845022220579,-0.000130335398085518,0.000130335398085518
Nx070_dt3h,70,3,0.0021,0.0944157959881998,0.094520225438435,-0.00010442945023513,0.00010442945023513
Nx070_dt3h,70,3,0.00215,0.0884379671225499,0.0885167714019854,-7.88042794355598e-05,7.88042794355598e-05
Nx070_dt3h,70,3,0.0022,0.0827732261071618,0.0828267972824532,-5.35711752914086e-05,5.35711752914086e-05
Nx070_dt3h,70,3,0.00225,0.0774133957559468,0.077442228442409,-2.88326864621435e-05,2.88326864621435e-05
Nx070_dt3h,70,3,0.0023,0.0723501477698659,0.0723548301548795,-4.68238501362406e-06,4.68238501362406e-06
Nx070_dt3h,70,3,0.00235,0.0675750536468949,0.0675562583967073,1.87952501875949e-05,1.87952501875949e-05
Nx070_dt3h,70,3,0.0024,0.0630796343545634,0.0630381095191867,4.15248353766856e-05,4.15248353766856e-05
Nx070_dt3h,70,3,0.00245,0.0588554085917006,0.0587919686169773,6.34399747233838e-05,6.34399747233838e-05
Nx070_dt3h,70,3,0.0025,0.0548939394852514,0.0548094564343434,8.44830509079339e-05,8.44830509079339e-05
Nx070_dt3h,70,3,0.00255,0.0511868795869764,0.0510822746656885,0.000104604921287881,0.000104604921287881
Nx070_dt3h,70,3,0.0026,0.0477260140533251,0.0476022495248888,0.000123764528436314,0.000123764528436314
Nx070_dt3h,70,3,0.00265,0.0445033019095541,0.0443613734749607,0.000141928434593395,0.000141928434593395
Nx070_dt3h,70,3,0.0027,0.0415109153160989,0.0413518450258848,0.000159070290214024,0.000159070290214024
Nx070_dt3h,70,3,0.00275,0.0387412767711192,0.0385661065238356,0.000175170247283654,0.000175170247283654
Nx070_dt3h,70,3,0.0028,0.0361870941979099,0.0359968798694925,0.000190214328417433,0.000190214328417433
Nx070_dt3h,70,3,0.00285,0.0338413938793698,0.0336372001164038,0.000204193762965932,0.000204193762965932
Nx070_dt3h,70,3,0.0029,0.0316975512138804,0.0314804469124659,0.0002171043014145,0.0002171043014145
Nx070_dt3h,70,3,0.00295,0.0297493192776846,0.0295203737583872,0.000228945519297408,0.000228945519297408
Nx070_dt3h,70,3,0.003,0.0279908551881354,0.0277511350664857,0.000239720121649748,0.000239720121649748
Nx070_dt3h,70,3,0.00305,0.026416744269995,0.0261673110112878,0.000249433258707181,0.000249433258707181
Nx070_dt3h,70,3,0.0031,0.0250220220332963,0.0247639301701674,0.000258091863128945,0.000258091863128945
Nx070_dt3h,70,3,0.00315,0.0238021939761724,0.0235364899576868,0.000265704018485576,0.000265704018485576
Nx070_dt3h,70,3,0.0032,0.0227532532295502,0.0224809748614304,0.000272278368119803,0.000272278368119803
Nx070_dt3h,70,3,0.00325,0.0218716960627741,0.0215938724900097,0.000277823572764336,0.000277823572764336
Nx070_dt3h,70,3,0.0033,0.0211545352701452,0.0208721874456425,0.000282347824502746,0.000282347824502746
Nx070_dt3h,70,3,0.00335,0.0205993114581499,0.0203134530343628,0.000285858423787103,0.000285858423787103
Nx070_dt3h,70,3,0.0034,0.0202041022519148,0.0199157408266197,0.000288361425295109,0.000288361425295109
Nx070_dt3h,70,3,0.00345,0.0199675294373082,0.01967766807988,0.000289861357428183,0.000289861357428183
Nx070_dt3h,70,3,0.0035,0.0198887640522454,0.0195984030330179,0.000290361019227487,0.000290361019227487
Nx070_dt0p25h,70,0.25,0,0.65,0.65,0,0
Nx070_dt0p25h,70,0.25,5e-05,0.631997082256353,0.631996073961147,1.0082952058843e-06,1.0082952058843e-06
Nx070_dt0p25h,70,0.25,0.0001,0.614015861340862,0.614013846412843,2.0149280184345e-06,2.0149280184345e-06
Nx070_dt0p25h,70,0.25,0.00015,0.596077955875932,0.596074937640737,3.0182351945518e-06,3.0182351945518e-06
Nx070_dt0p25h,70,0.25,0.0002,0.578204828547031,0.578200811995129,4.01655190263028e-06,4.01655190263028e-06
Nx070_dt0p25h,70,0.25,0.00025,0.560417709316688,0.560412701105483,5.00821120508199e-06,5.00821120508199e-06
Nx070_dt0p25h,70,0.25,0.0003,0.542737520046441,0.542731528502572,5.99154386893286e-06,5.99154386893286e-06
Nx070_dt0p25h,70,0.25,0.00035,0.525184800977831,0.525177836099233,6.96487859830341e-06,6.96487859830341e-06
Nx070_dt0p25h,70,0.25,0.0004,0.507779639508169,0.507771712965386,7.92654278303218e-06,7.92654278303218e-06
Nx070_dt0p25h,70,0.25,0.00045,0.490541601677926,0.490532726814088,8.87486383815972e-06,8.87486383815972e-06
Nx070_dt0p25h,70,0.25,0.0005,0.473489666764371,0.473479858593166,9.80817120510569e-06,9.80817120510569e-06
Nx070_dt0p25h,70,0.25,0.00055,0.456642165350799,0.456631440551734,1.07247990649428e-05,1.07247990649428e-05
Nx070_dt0p25h,70,0.25,0.0006,0.440016721212578,0.440005098122775,1.16230898030145e-05,1.16230898030145e-05
Nx070_dt0p25h,70,0.25,0.00065,0.42363019733064,0.423617695932393,1.25013982469335e-05,1.25013982469335e-05
Nx070_dt0p25h,70,0.25,0.0007,0.407498646310201,0.407485288213515,1.3358096686622e-05,1.3358096686622e-05
Nx070_dt0p25h,70,0.25,0.00075,0.391637265447867,0.391623073867206,1.4191580660794e-05,1.4191580660794e-05
Nx070_dt0p25h,70,0.25,0.0008,0.376060356654106,0.376045356378616,1.50002754899514e-05,1.50002754899514e-05
Nx070_dt0p25h,70,0.25,0.00085,0.360781291400827,0.360765508757322,1.57826435051578e-05,1.57826435051578e-05
Nx070_dt0p25h,70,0.25,0.0009,0.345812480825747,0.345795943633827,1.65371919202406e-05,1.65371919202406e-05
Nx070_dt0p25h,70,0.25,0.00095,0.331165351086902,0.331148088605632,1.72624812694311e-05,1.72624812694311e-05
Nx070_dt0p25h,70,0.25,0.001,0.316850324022226,0.316832366887902,1.79571343241758e-05,1.79571343241758e-05
Nx070_dt0p25h,70,0.25,0.00105,0.302876803131178,0.302858183285789,1.86198453890896e-05,1.86198453890896e-05
Nx070_dt0p25h,70,0.25,0.0011,0.289253164858086,0.289233915468218,1.92493898684698e-05,1.92493898684698e-05
Nx070_dt0p25h,70,0.25,0.00115,0.275986755120727,0.275966910486746,1.9844633981303e-05,1.9844633981303e-05
Nx070_dt0p25h,70,0.25,0.0012,0.263083890992822,0.263063486448322,2.04045445003631e-05,2.04045445003631e-05
Nx070_dt0p25h,70,0.25,0.00125,0.250549867416065,0.250528939217681,2.0928198383563e-05,2.0928198383563e-05
Nx070_dt0p25h,70,0.25,0.0013,0.238388968786112,0.238367553993948,2.14147921639429e-05,2.14147921639429e-05
Nx070_dt0p25h,70,0.25,0.00135,0.226604485228071,0.226582621577108,2.18636509632109e-05,2.18636509632109e-05
Nx070_dt0p25h,70,0.25,0.0014,0.215198733350479,0.215176459113484,2.2274236994968e-05,2.2274236994968e-05
Nx070_dt0p25h,70,0.25,0.00145,0.204173081242848,0.204150435085419,2.26461574293069e-05,2.26461574293069e-05
Nx070_dt0p25h,70,0.25,0.0015,0.193527977460696,0.193504998289202,2.29791714939642e-05,2.29791714939642e-05
Nx070_dt0p25h,70,0.25,0.00155,0.183262983723645,0.183239710526952,2.32731966931521e-05,2.32731966931521e-05
Nx070_dt0p25h,70,0.25,0.0016,0.173376811036775,0.173353282722736,2.35283140390952e-05,2.35283140390952e-05
Nx070_dt0p25h,70,0.25,0.00165,0.163867358932997,0.163843614160799,2.3744772198131e-05,2.3744772198131e-05
Nx070_dt0p25h,70,0.25,0.0017,0.154731757524771,0.154707834534306,2.39229904652472e-05,2.39229904652472e-05
Nx070_dt0p25h,70,0.25,0.00175,0.145966412046945,0.145942348486448,2.40635604966677e-05,2.40635604966677e-05
Nx070_dt0p25h,70,0.25,0.0018,0.137567049568902,0.137542882322159,2.41672467432841e-05,2.41672467432841e-05
Nx070_dt0p25h,70,0.25,0.00185,0.129528767553344,0.129504532567804,2.42349855399671e-05,2.42349855399671e-05
Nx070_dt0p25h,70,0.25,0.0019,0.121846083940855,0.121821816058029,2.42678828262927e-05,2.42678828262927e-05
Nx070_dt0p25h,70,0.25,0.00195,0.114512988443785,0.114488721233298,2.42672104860814e-05,2.42672104860814e-05
Nx070_dt0p25h,70,0.25,0.002,0.10752299473965,0.107498760338341,2.42344013082485e-05,2.42344013082485e-05
Nx070_dt0p25h,70,0.25,0.00205,0.10086919326317,0.100845022220579,2.41710425914754e-05,2.41710425914754e-05
Nx070_dt0p25h,70,0.25,0.0021,0.0945443043068602,0.094520225438435,2.40788684252452e-05,2.40788684252452e-05
Nx070_dt0p25h,70,0.25,0.00215,0.088540731152681,0.0885167714019854,2.3959750695593e-05,2.3959750695593e-05
Nx070_dt0p25h,70,0.25,0.0022,0.0828506129713338,0.0828267972824532,2.38156888806573e-05,2.38156888806573e-05
Nx070_dt0p25h,70,0.25,0.00225,0.0774658772411178,0.077442228442409,2.36487987088224e-05,2.36487987088224e-05
Nx070_dt0p25h,70,0.25,0.0023,0.072378291454646,0.0723548301548795,2.34612997665057e-05,2.34612997665057e-05
Nx070_dt0p25h,70,0.25,0.00235,0.0675795138988618,0.0675562583967073,2.32555021544706e-05,2.32555021544706e-05
Nx070_dt0p25h,70,0.25,0.0024,0.0630611433114835,0.0630381095191867,2.30337922968171e-05,2.30337922968171e-05
Nx070_dt0p25h,70,0.25,0.00245,0.0588147672349931,0.0587919686169773,2.27986180158651e-05,2.27986180158651e-05
Nx070_dt0p25h,70,0.25,0.0025,0.0548320089073419,0.0548094564343434,2.25524729984342e-05,2.25524729984342e-05
Nx070_dt0p25h,70,0.25,0.00255,0.0511045725464582,0.0510822746656885,2.22978807696977e-05,2.22978807696977e-05
Nx070_dt0p25h,70,0.25,0.0026,0.0476242869032012,0.0476022495248888,2.20373783124256e-05,2.20373783124256e-05
Nx070_dt0p25h,70,0.25,0.00265,0.0443831469744176,0.0443613734749607,2.17734994568466e-05,2.17734994568466e-05
Nx070_dt0p25h,70,0.25,0.0027,0.0413733537840593,0.0413518450258848,2.15087581744849e-05,2.15087581744849e-05
Nx070_dt0p25h,70,0.25,0.00275,0.0385873521557442,0.0385661065238356,2.12456319086049e-05,2.12456319086049e-05
Nx070_dt0p25h,70,0.25,0.0028,0.0360178664145614,0.0359968798694925,2.09865450689004e-05,2.09865450689004e-05
Nx070_dt0p25h,70,0.25,0.00285,0.0336579339692231,0.0336372001164038,2.07338528192685e-05,2.07338528192685e-05
Nx070_dt0p25h,70,0.25,0.0029,0.0315009367377473,0.0314804469124659,2.04898252813904e-05,2.04898252813904e-05
Nx070_dt0p25h,70,0.25,0.00295,0.029540630390661,0.0295203737583872,2.02566322737747e-05,2.02566322737747e-05
Nx070_dt0p25h,70,0.25,0.003,0.0277711713951838,0.0277511350664857,2.00363286980768e-05,2.00363286980768e-05
Nx070_dt0p25h,70,0.25,0.00305,0.0261871418519698,0.0261673110112878,1.98308406820225e-05,1.98308406820225e-05
Nx070_dt0p25h,70,0.25,0.0031,0.0247835721227451,0.0247639301701674,1.96419525777362e-05,1.96419525777362e-05
Nx070_dt0p25h,70,0.25,0.00315,0.0235559612525958,0.0235364899576868,1.94712949090001e-05,1.94712949090001e-05
Nx070_dt0p25h,70,0.25,0.0032,0.0225002951947844,0.0224809748614304,1.93203333540004e-05,1.93203333540004e-05
Nx070_dt0p25h,70,0.25,0.00325,0.0216130628488483,0.0215938724900097,1.91903588385653e-05,1.91903588385653e-05
Nx070_dt0p25h,70,0.25,0.0033,0.0208912699244528,0.0208721874456425,1.90824788103179e-05,1.90824788103179e-05
Nx070_dt0p25h,70,0.25,0.00335,0.0203324506441157,0.0203134530343628,1.89976097528452e-05,1.89976097528452e-05
Nx070_dt0p25h,70,0.25,0.0034,0.0199346772976105,0.0199157408266197,1.89364709908268e-05,1.89364709908268e-05
Nx070_dt0p25h,70,0.25,0.00345,0.0196965676597083,0.01967766807988,1.88995798283305e-05,1.88995798283305e-05
Nx070_dt0p25h,70,0.25,0.0035,0.0196172902810708,0.0195984030330179,1.8887248052931e-05,1.8887248052931e-05
